link;name;description;address;contact;hours;image
http://www.timeout.fr/paris/bar/la-sardine;La Sardine;;32 rue Sainte-Marthe 10e Paris;null;Tous les jours jusqu'à 2h;http://media.timeout.com/images/100605969/617/347/image.jpg
http://www.timeout.fr/paris/bar/grand-hotel-de-clermont-chez-ammad;Grand Hôtel de Clermont - Chez Ammad;;18 rue Véron 18e Paris;Appeler le lieu;null;
http://www.timeout.fr/paris/bar/le-dude;Le Dude;The Dude. Ou His Dudeness. Ou The Duder. Ou El Duderino. Comme il vous plaira, mais certainement pas Lebowski, ça colle la poisse... On l’avait un peu fantasmé, ce bar rue Saint-Maur, ce rade qui s’annonçait comme le repère du super-lazy, méga-cool Dude des frères Coen.;214 rue Saint-Maur 10e Paris;Appeler le lieu;Du lundi au samedi, de 18h à 2h. Fermé le dimanche.;
http://www.timeout.fr/paris/bar/le-dix-bar;Le Dix Bar;Ce rade de quartier est miraculeusement conservé dans son jus (de sangria) depuis 1955. Difficile de faire plus authentique que ce micro-bar et sa cave qui sentent le renfermé, couverts d’affiches patinées par la nicotine. Les clients glissent quelques euros dans la fente, et un jukebox de collection se réveille pour jouer des tubes d’un autre temps, du Goldman, Brassens, Ferré... Les barmans moustachus, bourrus mais sympathiques sont là pour recadrer ceux qui braillent trop fort sur la musique, et pour essuyer la sangria maison qu'on renverse sur les tables après quelques tournées. La carte n'est pas des plus élaborées : à part quelques bières en bouteille et des tartines au chorizo ou fromage, ça sera sangria et sangria ! Elle est bonne, fruitée, pas chère, et on en redemande toute la soirée.;10 rue de l'Odéon 6e Paris;Appeler le lieu;Tous les jours de 18h à 2h;
http://www.timeout.fr/paris/bar/le-syndicat;Le Syndicat;"« Rendez-vous au 51 rue du Faubourg Saint-Denis. Demandez le Syndicat. » Dans un souffle, nous avions l’adresse. Nous savions qu’il y avait là un bastion de la résistance. Une organisation très secrète qui luttait contre l’oubli. Des éléments ? Nous n’en avions pas plus. C’est donc le pas pressé et le col de notre imper remonté jusqu’au menton que nous nous sommes hâtés dans ce quartier désormais très prisé du 10e arrondissement. Une façade décrépite, des affiches placardées sur une épaisseur de 5 centimètres… Mais où est ce bar ? Un homme devant une porte à la mine patibulaire (allez, pas tant que ça, en vrai)… On s’attendrait presque à devoir chuchoter un mot de passe : « L’Organisation de défense des spiritueux français, s’il vous plaît. » Allez, on range son Beretta, c’est bien là ! C’est sur un concept très rafraîchissant que Sullivan Doh et Romain Le Mouellic ont décidé de fonder un rade aux allures de bar clandestin, qui contraste nettement avec un intérieur clinquant aux tonalités mordorées. Une façon de se réapproprier des alcools oubliés de nos contemporains et de leur redonner toutes leurs lettres de noblesse. Cognacs, armagnacs, eaux de vie… L’occasion de (re)découvrir la prune de pépé, dans un style bien plus recherché. De la dégustation de crus millésimés, aux classiques revisités en passant par des créations singulières et osées (cocktails autour de 10 euros, dégustation de cognacs autour de 20 euros), c’est à une véritable ode aux alcools français bien souvent négligés que se livrent les deux charmants jeunes hommes. Du vrai « made in France » décalé que l’on sirote sur fond de hip-hop, histoire de remettre les pendules à l’heure et de se réapproprier les codes de réussites des rappeurs américains. Car, il faut bien se rappeler que pendant que nous autres, petits Français, étanchons notre soif à grands coups de whisky-coca, Busta Rhymes, P. Diddy et autres Pharrell Williams, eux, ne jurent que par notre Cognac national. Quitte à en devenir les fiers représentants outre-Atlantique (voir le clip ""Pass the Courvoisier"" et cet article du magazine Slate). Alors on ne peut que vous conseiller d’enfiler votre tenue de gangster (du Ministère Amer ?) et de vous hâter, car le secret ne sera pas bien longtemps gardé.";51 rue Faubourg St Denis 10e Paris;Appeler le lieu;Du lundi au samedi de 18h à 2h. Fermé le dimanche;http://media.timeout.com/images/101818699/617/347/image.jpg
http://www.timeout.fr/paris/restaurant/luz-verde;Luz Verde;Danny Trejo ne nous contredirait pas : les tacos, c’est bon. Alors, et comme pour rendre un hommage vibrant et gourmand à notre acteur fétiche, nous voilà en visite dans le Little Mexico du 9e arrondissement de Paris (Pigalle en somme) pour découvrir la taqueria du moment : Luz Verde. Une jolie planque, imaginée par deux anciens pistoleros de Frenchie, Quentin Zuddas en salle et Alexis Delassaux en cuisine. Pas de sombreros ni de mariachis en vue, mais un bar-restaurant plutôt tendance, au charme efficace et chaleureux. Il y a du monde au Luz mais on patiente avec plaisir, après avoir été gentiment accueilli, en sirotant un pisco sour plein de goûts et de fraîcheur (11 €). Autour de nous, les assiettes circulent à toute vitesse, c’est beau et ça donne furieusement envie. C’est donc sans renier notre plaisir que l’on attaque enfin : quesadillas et tacos à foison (au poulet, à l’agneau, au cerf et au poulpe) pour commencer. Servis par paire, encore tièdes, ces derniers (entre 5 et 7 €), magnifiques, sont parfaits pour entrer en matière. Et les plats qui suivent ne font pas mentir cette première belle impression. Le ceviche de dorade, frais et délicieux, rythmé par des petits radis et du citron caviar, se laisse dévorer avec une joie non dissimulée. Et que dire du poulpe, escorté de pommes Granny et de chou-rave ? Il étourdit tant la cuisson est juste, tant le tout est goûteux et fondant. Et, si on casse la graine à la mexicaine, on boit à la bonne franquette : Touraine, Pic Saint-Loup, etc. Les verres se laissent dompter, entre 6 et 8 euros. On sort du Luz Verde sans avoir appris à parler espagnol, mais avec le sentiment d’avoir vraiment mangé mexicain. Et avec une pensée pour Danny Trejo. ;24 rue Henry Monnier 9e Paris;Appeler le lieu;Du mardi au samedi de midi à 15h et de 19h à minuit. Fermé dimanche et lundi;http://media.timeout.com/images/102055037/617/347/image.jpg
http://www.timeout.fr/paris/bar/linternational;L'International;L'International est une institution parmi les cafés-concerts à Paris. Situé non loin de la très animée rue Oberkampf, ce bar se distingue par son côté convivial. Deux à trois lives s'enchaînent chaque soir dans la petite salle au sous-sol, devant un public friand de découvertes musicales – le tout gratuitement, s’il vous plaît ! Des concerts rock principalement, mais aussi folk, pop, hip-hop et électro. Une clientèle décontractée s’attroupe dans cet espace ouvert aménagé avec des meubles de brocante, pour boire un coup et bavarder pendant l’apéro. De 18h à 21h pendant l'happy hour, les pintes sont à 4 € et le pastis à 2 €. De quoi patienter sagement (ou pas), avant de descendre dans ce sous-sol, aux airs de garage transformé en club clandestin (murs et piliers en béton inclus), pour profiter des concerts.   ••••••••••••••••••••••••••••••••••••••••••••••••••••••••••••••••••••••••••••••••••••••••••••••••••••••••••• Pour découvrir d'autres bars référencés par Time Out Paris cliquez ici. •••••••••••••••••••••••••••••••••••••••••••••••••••••••••••••••••••••••••••••••••••••••••••••••••••••••••••• Pour voir la liste complète des 100 meilleurs bars sélectionnés par Time Out Paris cliquez ici. •••••••••••••••••••••••••••••••••••••••••••••••••••••••••••••••••••••••••••••••••••••••••••••••••••••••••••••;5-7 rue Moret 11e Paris;Appeler le lieu;Tous les jours de 18h à 2h. Concerts tous les soirs (les horaires varient);
http://www.timeout.fr/paris/bar/la-cordonnerie;La Cordonnerie;Il y a quelques années, ce petit rade dans l’ombre des peep-shows et des sex-shops était le refuge des habitants du quartier à la recherche de plaisirs moins charnels, mais plus alcoolisés. Proposant la pinte la moins chère de tout Paris (4 €), des cocktails et des rhums arrangés à prix plancher (4,5€), des bières importées et ses couscous gratos le jeudi et le samedi, cette vieille taverne populaire a commencé à attirer une clientèle jeune en quête de bons plans. La Cordonnerie est aujourd’hui l’adresse incontournable de l’apéro : la terrasse est remplie d’étudiants et d’artys dès la longue happy hour de 17h à 20h (la pinte est à 2,5 euros), puis le bar reste animé jusqu’à 2h par les bavardages des clients et le fond musical soul, rock et reggae.;28 rue Greneta 2e Paris;Appeler le lieu;Du lundi au vendredi de 9h30 à 2h, samedi et dimanche de 15h à 2h;
http://www.timeout.fr/paris/restaurant/comme-a-lisbonne;Comme à Lisbonne;"« C’est dans les plus petites boîtes que l’on range les plus fines épices »… Et ce n’est pas ce coffee-shop, ouvert par le joyeux barista Victor Silveira, qui viendra contredire le proverbe. Installé dans un recoin chic du Marais, Comme à Lisbonne a beau être minuscule, il ne désemplit pas depuis son ouverture, fort d’un succès bien mérité, à la hauteur de ses délicieuses pâtisseries, les pastéis de nata, et de son excellent café. Les pastéis, succulents petits flans, sont préparés selon la recette secrète de la mère du patron ; quant au café, il est préparé dans les règles de l’art lisboète. D’ailleurs, Victor Silveira aime dire à qui veut l’entendre que les Portugais sont encore plus barjots de la cafetière que les Italiens. Et même si la machine qu’il utilise vient de la Botte (la seule suffisamment petite pour rentrer dans sa buvette), ses grains, eux, sont commandés directement au Portugal. Un mélange de grains tanzaniens et brésiliens, signé Delta et choisi pour « son goût, suave et crémeux, et sa mousse délicate, qui vient recouvrir l’expresso – détail très important pour les buveurs de café portugais ». Et si, le matin, vous avez besoin de plus d’un expresso pour vous réveiller, optez pour le galeo – littéralement « un gallon » –, sorte de café au lait français croisé avec un cappuccino italien, et servi dans un grand mug. Ici, pas de siège, juste un petit comptoir pour vider sa tasse en grignotant un précieux pastéis. Et derrière, une épicerie fine, pour emporter avec soi des trésors lusitaniens, comme les traditionnelles sardines Tricana, des huiles d’olive, des confitures ou des liqueurs. A surveiller : une deuxième adresse devrait voir le jour dans le quartier des Abbesses. ";37 rue du Roi de Sicile 4e Paris;Appeler le lieu;Du mardi au dimanche de 11h à 19h. Fermé le lundi;
http://www.timeout.fr/paris/bars/aux-folies;Aux Folies;Ce bar est une institution à Belleville, toute la jeunesse de ce quartier animé s'y retrouve à toute heure, devant un petit noir pour feuilleter son journal l'après-midi ou pour prendre l'apéro le soir venu. Le Folies porte le nom d’une guinguette qui existait aux portes de Paris au XVIIIe siècle, lorsque le quartier s’appelait la Courtille et que le carnaval de Paris déchaînait les foules. Aujourd’hui ce bar n’est plus aussi bucolique, les rues ont remplacé les vignes, mais l’endroit est tout aussi populaire. On s'installe sur une terrasse bondée été comme hiver, car elle est chauffée et ensoleillée au dernières heures de la journée. Trouver une chaise et un endroit pour caler sa chaise est un défi, mais on s'accomode toujours de la place que l'on trouve. A 2,5 € la bière et 4,5 € le cocktail, on recommande des tournées sans complexe jusqu'à la fermeture. Le soir des néons rouges s’allument au-dessus du comptoir de ce bistrot chaleureux, où les serveurs efficaces restent sympathiques malgré le monde. En été, la terrasse s'étend sur l’étroite rue Dénoyez qui fait l’angle. Le week-end dans cette rue presque piétonne, des ateliers d’artistes ouvrent leurs portes, des petits groupes de musique s’installent, les graffeurs repassent une fois encore les fresques de graffiti.;8 rue de Belleville 20e Paris;null;Du lundi au samedi de 6h à minuit, dimanche de 7h à 23h;
http://www.timeout.fr/paris/restaurant/le-drapeau-de-la-fidelite;Le Drapeau de la Fidélité;Pour trouver une petite place ici, il faudra jouer des coudes, se contenter d’un bout de table peut-être, et venir tôt (la cuisine ferme à 20h30, l’établissement à 22h). Mais le jeu en vaut largement la chandelle. Ouvert depuis 1985, ce restaurant caché dans une ruelle du 15e arrondissement n’a quasiment pas augmenté ses prix en vingt-cinq ans (la bière à 1,50 euros, qui dit mieux ?). Le patron, Monsieur Quan, ancien professeur de philosophie vietnamien, propose une cuisine simple et copieuse dans un décor hautement improbable. Les murs boisés sont tapissés de romans et d’essais métaphysiques, l’ancien drapeau de l’Etat du Vietnam flotte fièrement au-dessus du bar (le tenancier, débarqué en France en 1976 avec le statut de réfugié politique, n’est pas franchement fan des communistes) et l’interrupteur des toilettes déclenche une radio qui, pour accompagner votre moment d’intimité, crache le meilleur de la variété française des années 1980. Un joyeux bordel donc, mais peu importe, ici on aime la convivialité et la bonne humeur. Côté assiette, tout est à 6 euros (5 pour les étudiants et les chouchous du cuisinier) : bo-bun aux spaghettis, assortiment de nems, porc au caramel, entrecote et frites, etc. Les quelques plats au menu sont sans prétention mais maîtrisés et généreux. D’autant plus qu’ici, il ne s’agit pas seulement de se remplir la panse (même si vous sortirez largement repu). En effet, si l’envie vous prend de vous nourrir l’esprit, les essais philosophiques de Monsieur Quan figurent également sur la carte, et attention, car l’homme aurait trouvé « la panacée universelle à tous les maux du genre humain »…;21 rue Copreaux 15e Paris;Appeler le lieu;Du lundi au samedi de 15h à 22h;
http://www.timeout.fr/paris/bar/lorillon-bar;L'Orillon Bar;Les ingrédients de la recette du succès de ce petit bar planqué derrière le boulevard de Belleville ? Une sélection de beaux produits, côté bar comme côté cuisine : des bières classiques et abordables (2,50 euros le demi) qui escortent la découverte du mois (environ 5 euros la bouteille), une jolie sélection de vins (à partir de 2,20 euros le verre), des cocktails (7 euros). Et pour la consistance : des planches de charcuterie et de fromage, sans bavures, bien garnies et d’un beau rapport qualité/prix (8 euros), des pan con tomate ou de la cancoillotte à tremper et à partager (3 euros), des sandwichs et même du foie gras, s’il y a quelque chose à fêter (7 euros). Un fond musical qui n’essore que des bons classiques. Un décor bien rôdé, quelque part entre le vieux troquet et le café un peu plus évolué. Des petits détails qui tuent : le café à 1 euro au comptoir, les œufs durs du matin, les petites planches en bois fixées dehors, à l’attention des fumeurs paresseux qui peuvent ainsi se délester de leurs lourdes pintes. Et cette faculté, le midi, à se transformer en cantine toute dévouée à ses habitués : petits plats qui changent tous les jours, formule complète à 13 euros, portions généreuses et saveurs soignées. On oublie quelque chose ? Ah oui, en plus, ils sont sympas. ;35 rue de l’Orillon 11e Paris;Appeler le lieu;Du mardi au vendredi de 8h à 2h, le samedi de 10h à 2h. Fermé dimanche et lundi;http://media.timeout.com/images/100631585/617/347/image.jpg
http://www.timeout.fr/paris/restaurant/holybelly;Holybelly;Il y a des matins où la grisaille et la foule dans le métro nous mettent de mauvais poil. Et puis, au détour de la rue Lucien Sampaix, on découvre une nouvelle échoppe, Holybelly, qui a ouvert mi-octobre 2013. Dès le premier « bonjour » très enjoué du serveur – tatouages et bonnet enfoncé –, on sent que l’on va donner une seconde chance à notre journée. Les lève-tôt squattent déjà les belles tables de bois blanc qui piétinent le carrelage de faïence étoilé et les commerçants du quartier repartent, tout sourire, avec leurs cafés sur un petit plateau.;19 rue Lucien Sampaix 10e Paris;Appeler le lieu;Lundi, mercredi, jeudi, vendredi de 8h à 18h, samedi et dimanche de 10h à 18h. Fermé le mardi;http://media.timeout.com/images/101211775/617/347/image.jpg
http://www.timeout.fr/paris/restaurant/cafe-lomi;Café Lomi;Ouvert depuis 2012, le Café Lomi se planque dans un bâtiment un peu fade, fait de béton blanc, et lui-même caché dans un coin reculé du 18e arrondissement. Il aura donc fallu un petit miracle d'architecture et une belle alchimie pour faire de cet espace un café des plus cools. Le lieu ressemble à s'y méprendre à une friche industrielle avec ses poutres en métal rouillé, ses murs décrépits, ses tables en bois et ses vieux canapés en cuir. Le café a su attirer rapidement l’intérêt de ses voisins, des ouvriers en bâtiment qui travaillent aux alentours, jusqu’aux mères de familles à poussette, en passant par les étudiants qui viennent bosser derrière l’écran de leurs ordinateurs. Une jolie mixité, à l'image de celle qui officie derrière le bar, et qui voit plus de femmes que d'hommes s’y presser, dont la pâtissière japonaise qui a fait ses armes aux côtés de William Ledeuil (Ze Kitchen Gallery). Les salades, sandwiches et quiches sont préparés tout au long de la journée et le café est réputé pour ses scones, son gâteau au chocolat et son cheesecake. Au fond de l'établissement, vous pourrez admirer, à travers un mur de verre, une pièce qui accueille de drôles de machines. C’est là que sont moulus les grains de café qui proviennent de plus de vingt pays différents et sont sélectionnés directement par les deux collaborateurs Aleaume Paturle et le barista Paul Arnephy lors de leurs voyages dans les plantations. De quoi passer une douce après-midi à travailler ou à discuter attablé autour d'un bon café, que vous soyez un vrai professionnel de l'or noir ou un simple amateur éclairé.;3 ter rue Marcadet 18e Paris;Appeler le lieu;Tous les jours de 10h à 19h;http://media.timeout.com/images/101490589/617/347/image.jpg
http://www.timeout.fr/paris/restaurant/dersou;Dersou;Mon premier sert, de bon matin, d'excellents cafés et autres éternels du petit-déjeuner (cakes et brioches, toasts et céréales, entre 3,50 et 5 €). Mon deuxième est une jolie cantine, moderne et cosmopolite, où l'on vient à midi découvrir les assiettes du jour et leurs pimpants accompagnements (plats entre 12 et 15 €, sides entre 4 et 9 €). Mon troisième est un restaurant dans l'air du temps, où le soir venu, sous les lumières tamisées, on s'amuse à accorder mets et mixtures (menu 5 plats et 5 cocktails à 90 €). Mon tout s'appelle Dersou, et se cache dans une petite rue adjacente à celle du Faubourg Saint-Antoine, une ruelle presque, étonnamment calme au vu de l'agitation qui règne aux abords de la place de la Bastille. Il est midi à peine quand on arrive, encore assez tôt pour avoir envie d'un bon café et déjà assez tard pour commencer à avoir faim. On s'installe sur l'une des tables en bois, parmi la trentaine qui occupe ce vaste espace dégagé. En face de nous, un immense comptoir qui file sur tout le long de la pièce sert de rempart aux cuisiniers. Fourneaux, machines à café ou à eau gazeuse, gâteaux sous cloche et liqueurs en tout genre les entourent. Partout ailleurs, on a gratté les murs pour les laisser tels quels. Béton, parpaings, bois et acier dessinent un décor aussi brut et dépouillé qu'étrangement apaisant. On boit un onctueux latte (5 €), avant de se plonger dans la carte. Celle-ci récite ses gammes, quelque part entre Paris et l'Asie. Ce sera boeuf braisé au soja et poulet frit à la japonaise. Et même si les assiettes qui débarquent sur les tables voisines ont l'air copieuses, difficile de faire taire gourmandise et curiosité en laissant de côté les sides, ces énigmatiques petites portions qui paradent entre les plats de résistance et les desserts (et viennent faire discrètement monter la note). Alors, ce sera boeuf braisé au soja et poulet frit à la japonaise, ET croquettes d'agneau aïoli, ET feta au miel de Kalamata. Drôle de festin. Et pourtant la pâte prend. Les deux plats sont généreusement servis (dans une vaisselle belle et brute, assortie aux lieux), accompagnés de riz et de toutes sortes d'herbes, de saveurs et de parfums lointains (comme ce shiso rouge, saupoudré sur le riz). La feta est fine, délicieuse et les croquettes d'agneau, si elles manquent un peu de goût, ne méritent pas non plus qu'on les boude. Les deux premiers temps de Dersou fonctionnent donc à merveille. Et puisque la planque est le résultat de la rencontre entre un bartender, Amaury Guyot (ancien du Sherry Butt et du Prescription Cocktail Club) et un chef japonais, Taku Sekine (passé par Ducasse, Saturne et le Clown Bar), on a évidemment très envie de voir comment les choses se passent quand la nuit tombe, au moment où la cuisine et le bar se mettent d'accord pour jouer la carte de la dégustation. Histoire de savoir si cette curieuse rencontre entre cuisine et cocktails que propose Dersou est aussi touchante que les personnages du film éponyme de Kurosawa.;21 rue Saint-Nicolas 12e Paris;Appeler le lieu;Du mardi au samedi de 9h à 17h30 (déjeuner de midi à 15h) et de 19h30 à 1h;http://media.timeout.com/images/102074457/617/347/image.jpg
http://www.timeout.fr/paris/restaurant/cafe-suedois;Café Suédois;Le Café Suédois est partie intégrante de l'Institut culturel suédois niché dans l'Hôtel de Marle, un magnifique hôtel particulier du Marais construit entre le XVe et le XVIIIe siècle. Sa jolie cour pavée est un havre de paix pour bouquiner l’après-midi, par beau temps, ainsi que le jardin de l'institut, accessible gratuitement et assez vaste pour se sentir au calme, au milieu des initiés qui connaissent l'endroit. Les jours de pluie et de froid, on entre dans le joli café installé dans une aile de la bâtisse. Ici on mange et on boit comme chez Ikea, mais en mieux. Le pain est préparé avant l’ouverture tous les matins avec du sirop de fleurs de sureau maison, fabriqué sur place par une équipe passionnée de pâtisseries suédoises, tout comme les gourmandises très appétissantes. Délicatement présentées sur des coupelles, en fonction des fruits et légumes de saison. Pour le déjeuner, quelques sandwichs sont proposés à la carte, dont un au saumon mariné, succulent. Gâteau aux carottes, brioche à la cannelle, tarte aux airelles sont les plus populaires, ainsi que la soupe du jour en hiver. Cette dernière est un peu chère (6 euros le petit bol), les sandwichs et les gâteaux sont à prix correct, mais tout est archi-frais et délicieux. On regrette que le Café Suédois ferme à 18h, excepté le mardi où il joue les prolongations jusqu'à 21h, suivant les horaires de l'Institut Culturel.  Pour découvrir tous les parcs et jardins du Marais, cliquez ici. ;11 rue Payenne 3e Paris;Appeler le lieu;Du mardi au dimanche de midi à 18h, jusqu'à 21h le mardi;http://media.timeout.com/images/100591643/617/347/image.jpg
http://www.timeout.fr/paris/bar/charlie;Charlie;Que peut-on bien faire avec deux balles ? Jongler ? Trop compliqué. Charlie a trouvé un jeu bien plus plaisant : avec deux « balles », on paye des bières à ses copains. Imaginez-vous à cinq sur une table, dans la capitale, votre banquier a tenté de vous joindre cinq fois, et tout le monde a soif. Les règles, on les connaît bien mais on ne peut les appliquer tant qu’il n’y a pas le terrain. Après prospection, on a peut-être une solution.;29 rue de Cotte 12e Paris;Appeler le lieu;Tous les jours de 18h à 2h;http://media.timeout.com/images/101660675/617/347/image.jpg
http://www.timeout.fr/paris/bar/les-triplettes;Les Triplettes;Quand on dit « Triplettes de Belleville », on pense au film d’animation de Sylvain Chomet qui met en scène une grand-mère à la recherche de son petit-fils kidnappé, aidée par trois chanteuses de cabaret. Mais depuis l’été 2014, les Parisiens ont plutôt en tête ce troquet branché, collé à la Cantine. Voilà maintenant plusieurs mois que la marmaille du 20e arrondissement s’engouffre tous les jours de la semaine dans ce lieu vivant et plein de charme. Qui justifie désormais son nom par trois atouts. D'abord son cadre agréable, dans l’air du temps : miroirs aux murs, briques rouges, mobilier chiné, grosses ampoules au plafond, babyfoot en libre accès et grande terrasse chauffée. Ensuite, sa carte. Au programme, boissons aux tarifs largement abordables (coupe de champagne et cocktail à 5 euros, pinte à 4,50 euros de 17 à 21h, verre de vin entre 3,50 et 5 euros), et cuisine fine et créative avec une ardoise qui change tous les jours (ce soir-là on teste le ceviche de bar aux mûres, à tomber). Plus accessible, le menu permanent propose un fish & chips et un burger à 12 euros, et des tacos à 9 euros. Niveau bande-son, ça varie entre hip-hop, soul ou funk, et ça vire vers la house quand les températures montent. Aux commandes ? Les serveurs et barmen, qui sont d’ailleurs la troisième source du succès de l’établissement : beaux, agréables, et pas contre un échange de numéros. Banco !;102 boulevard de Belleville 20e Paris;Appeler le lieu;Tous les jours de 8h à 2h;
http://www.timeout.fr/paris/bar/le-pop-up-du-label;Le Pop-Up du Label;Sous les arcades impressionnantes de l’avenue Daumesnil, le Pop-Up du Label, ex-les Combustibles, est un bar-restaurant qui combine énergiquement musique et cuisine. Pour la partie musique, il y en a pour tous les goûts : le lieu accueille aussi bien des soirées jazz le mardi, que rock, hip-hop ou électro le reste de la semaine. Lives et DJ sets pointus enflamment la salle en sous-sol (consulter leur page Facebook pour connaître le programme).;14 rue Abel 12e Paris;Appeler le lieu;Mardi de 18h30 à 1h et du mercredi au samedi de 18h30 à 2h;http://media.timeout.com/images/101768081/617/347/image.jpg
http://www.timeout.fr/paris/bar/farago;Farago;;11 cour des Petites Ecuries 10e Paris;null;Du lundi au samedi de 19h à 1h. Fermé le dimanche;
http://www.timeout.fr/paris/bar/bespoke;Bespoke;C’est avec un large sourire que le serveur nous accueille. Il reste une table. Chouette, elle sera pour nous. En anglais, Bespoke signifie « sur-mesure », un terme qui s’explique ici par le soin tout particulier apporté aux plats et aux breuvages confectionnés derrière le superbe comptoir. Attention, le Bespoke n’est pas un bar ordinaire : oubliez donc les mojitos, les whiskys-cocas et autres nectars soporifiques. Ici, on sert des liqueurs coiffées d’une coquille de fruit de la passion, et auxquelles on a mis le feu, littéralement parlant. Installé derrière une façade bien discrète de la rue Oberkampf, ce bar à cocktails fait chanter sa carte des boissons depuis maintenant un an. Au total une douzaine de propositions alléchantes aux spiritueux triés sur le volet (mezcal Vida, gin St George spirit terroir, vermouth Del Professor rosso et on en passe).;3 rue Oberkampf 11e Paris;Appeler le lieu;Du lundi au samedi de 18h à 2h, le dimanche de 12h à 02h;
http://www.timeout.fr/paris/bars/le-mauri7;Le Mauri7;Souvent opposé à son rival d’en face, le très branchouille Chez Jeannette, le bar Mauri7 en est le parfait antipode : quand le premier ne désemplit pas et compte une clientèle guindée dans un cadre précieux, le second offre toujours une petite place au milieu d'un public varié, dans un environnement plutôt kitsch et tendrement moche. Aux murs, des pochettes de disques ringards entourent des affiches de cinéma, tandis que derrière le comptoir, un néon rouge pas très glamour déroule le nom du bar. Et pourtant, on aime le Mauri7. Car l’endroit respire davantage la chaleur humaine que chez ses voisins. Les prix sont abordables, les serveurs toujours disponibles et serviables (ce qui n’est pas un pléonasme à Paris), le coin idéal en somme pour finir une soirée arrosée à la bonne franquette.;46 rue du Faubourg Saint-Denis 10e Paris;null;null;
http://www.timeout.fr/paris/restaurant/cream;Cream;Un café en pente douce, perché à mi-chemin sur la colline de Belleville. Cinq lettres immenses et joliment courbées : CREAM, comme une boisson chaude qui réveille avec tendresse. Un espace malin, douillet, où le soleil a pris ses libertés, se faufilant sans manière à travers l’immense vitre qui sert de façade au lieu. Assis là, à sa merci, on savoure l’instant, le matin qui agite le quartier, le café qui fume, les tartines qui plongent. Imaginés par deux toqués de la boisson torréfiée, passés par Ten Belles, ces quatre murs dessinent un refuge parfait. Que l’on soit aussi frappé de café que les tenanciers (les breuvages sont élaborés avec la Brûlerie de Belleville, entre 2,30 et 3,80 €), que l’on aime simplement prendre le temps d’un bon petit-déjeuner ou d’un goûter à croquer (tartines, granola et pâtisseries autour de 3 ou 4 €) ou que l’on escalade la rue sur les coups de midi, une jolie faim au ventre (soupes et piadines, sorte de wraps italiens, aux recettes gourmettes – jambon de parme, pesto de persil, chèvre et roquette ou jambon blanc, chèvre, betterave et pomme par exemple –, à 6 €). Une carte délicate pour soigner nos appétits et nos humeurs. Une planque fraîche et réconfortante, habillée de bois, de métal et de belles écritures. Autant de raisons, donc, pour s’installer ici et bien commencer sa journée. Avec, en prime, le sourire des crémiers.;50 rue de Belleville 20e Paris;Appeler le lieu;Du lundi au vendredi de 7h30 à 18h30. Le samedi et le dimanche de 8h30 à 19h30;
http://www.timeout.fr/paris/bar/dirty-dick;Dirty Dick;Le nom de ce nouveau bar de So-Pi (South Pigalle pour les non-initiés) situé juste en face du Glass a de quoi surprendre, et même effrayer. Pas de panique, les seuls éléments phalliques du lieu sont des totems polynésiens plantés un peu partout dans cet ancien bar à hôtesses transformé en tiki bar, qui n'a donc conservé de son passé sulfureux que le nom. Quid du tiki bar ? Une déco exotique kitschissime et du rhum qui coule à flot, ambiance 'Hawaï Police d'Etat'. Un concept qui a fleuri dans les bars américains des 50's après la fin de la prohibition, mais qui n'a curieusement pas fait d'émule à Paris en un quart de siècle.;10 rue Frochot 9e Paris;null;Tous les jours de 19h à 2h;http://media.timeout.com/images/100675171/617/347/image.jpg
http://www.timeout.fr/paris/bar/pile-ou-face;Pile ou Face;Visiblement, la reconversion d’anciens bars à hôtesses semble être de mode à Pigalle. On avait le Dirty Dick, le Glass et le Lipstick, on a désormais le Pile ou Face. Ici, plus de filles dénudées (quoique), mais une façade gardée intacte et un décor intérieur revisité sans être non plus castrateur du style de la maison. Ambiance boudoir, banquettes de velours, lumières tamisées, barres de pole dance et tapisseries murales. La backroom du Pile ou Face fait désormais office de mini-fumoir, chose peu banale pour un bar.;4 rue de Douai 9e Paris;Appeler le lieu;Tous les jours de 18h à 2h;
http://www.timeout.fr/paris/bar/au-fond-du-jardin;Au Fond du Jardin;Le journaliste de Time Out Paris est un être entièrement dévoué à ses lecteurs. Tapi dans la torpeur de ce grand safari urbain qu'est Paris, il guette les bons plans, prêt à tout pour les débusquer, quitte à mettre en péril sa vie privée, sa ligne ou la bonne marche de ses neurones. Pourtant, parfois, il lui arrive d'hésiter. Parce qu'il y a des adresses un peu confidentielles que ce bougre aimerait garder jalousement pour lui et ses vaillants collègues de travail. Au Fond du Jardin est l'exemple type de ce genre de dilemme intérieur. Mais finalement, on s'est dit qu'il était temps de vous parler de ce petit bar et de son incroyable terrasse. Vous allez en effet pouvoir prendre place dans ce grand jardin parsemé de tables chinées, de canapés récupérés, de fauteuils brocantés pour profiter du soleil et du petit goût d'ailleurs qui règne ici. Vous viendrez peut-être le matin déguster un café, le midi pour déjeuner, ou plus tard pour manger un bout et boire une pinte pas trop chère (5 euros toute la soirée) en tirant le cochonnet. Pour le moment, le lieu se rode gentiment (il est ouvert depuis quelques semaines). Vous ne serez peut-être pas à l'abri de quelques cafouillages dans la prise de commande ou au niveau du service. Mais les tarifs raisonnables, la bonne humeur et la gentillesse des gérants, sans oublier le cadre on ne peut plus dépaysant devraient vous faire tout oublier. Et ne pleurez pas en pensant à la fin de l’été indien. Pour mettre le cap sur la saison froide sans trembler, Au Fond du Jardin a prévu de hisser les auvents et d’envoyer les chauffages. Ainsi, il fera toujours bon prendre l’air par là-bas, même quand les températures se mettront à hiberner. ;39 rue Pelleport 20e Paris;Appeler le lieu;Du mardi au vendredi, de 9h à minuit. Le samedi, de 10h à 1h. Le dimanche, de 11h à 16h (brunch). Fermé le lundi.;http://media.timeout.com/images/101659849/617/347/image.jpg
http://www.timeout.fr/paris/bar/little-red-door;Little Red Door;"La folie rétro des speakeasies qui touche New York depuis quelques années semble débarquer lentement mais sûrement sur le Vieux Continent. Mais là où les américains rappellent les folles heures de la prohibition en rendant la chose attractive avec des noms de codes (comme à l’Apothéke de Chinatown) ou avec des portes dissimulées dans des boutiques de hot-dog (le très joli Please Don’t Tell, dans l’East Village), les Français préfèrent ne pas compliquer la chose et délaissent la dimension « secret » ou ""hors-la-loi"" du lieu. Ainsi, il est impossible de louper la petite porte rouge du Little Red Door, rue Charlot, éclairée par les spots d’une façade un brin clinquante dans le très chic quartier du Marais. Avant même de se courber pour se faufiler dans l’entrebâillement de ladite red door, on devine que l’incroyable mixité sociale qui définissait autrefois les speakeasies risque ici d’être réduite à néant. Bingo. À l’intérieur, avec une paire de basket et un t-shirt en V, dans cette atmosphère afterwork (néanmoins agréable et détendue), entre deux costards-cravates trop serrés et quelques robes kitsch, on aurait presque des airs d’étudiant mélenchoniste. Tout autour, la population, à 90% britannique, sirote du scotch ou du bourbon en claquant des doigts alors qu’un groupe de swing New Orleans s’occupe de réchauffer une ambiance tamisée et confinée. Côté musique : très bonne surprise. Ce soir là, Damien Etchegorry, trompettiste évadé du Duke Orchestra de Laurent Mignard, emmène un quartet parcourant le répertoire des années 1920 et 1930 avec brio. La chose s’annonce alors plutôt bien. Au bar, les waiters, qui alignent laborieusement deux mots de français, semblent pour le moins sympathiques et d’un professionnalisme irréprochable. L’un d’entre eux, blond, cheveux longs, fait des clins d’œil et d’étranges bruits labiaux. « Tiens, tiens, un Brice de Nice au comptoir », se dit-on. Ou encore le blond de Gad Elmaleh dans le rôle d’un barman : de quoi nous distraire en attendant un cocktail soigneusement préparé, la spécialité du lieu. D’ailleurs, contentez-vous en. Délaissez les médiocres vins surestimés (8 € le verre) ou les assiettes apéro désastreuses à 20 € — du genre knackis-macaronis déguisés sur leur trente-et-un. Pour les cocktails, classiques ou travaillés, comptez au grand minimum 13 €, pour une valeur sûre à chaque coup. Certes, l’endroit n’est pas donné, mais au vu du cadre peaufiné, de l’excellente musique live et du service impeccable (mis à part un service en salle beaucoup moins au point), les prix ne paraissent pas outranciers. En définitive, on recommande chaudement le Red Little Door les soirs de concerts — un seul par mois pour le moment, malheureusement. Le reste du temps ? Pourquoi pas, mais sans plus. De quoi encourager la direction à passer sur un rythme musical hebdomadaire.";60 rue Charlot 3e Paris;Appeler le lieu;Tous les jours de 18h à 2h;http://media.timeout.com/images/100631149/617/347/image.jpg
http://www.timeout.fr/paris/bar/le-zero-zero;Le Zéro Zéro;L’être humain est hautement compressible : si vous en doutez, l’expérience est validée chaque week-end au Zéro Zéro. Dans ce bar qui attire une foule démesurée dans quelques mètres carrés, ouvrir la porte est déjà une bataille. La seule solution pour avancer est de danser en renversant le moins possible sa bière. Mais ici on n'a pas peur de mouiller sa chemise, on se lâche vite dans cette ambiance survoltée et festive. La raison d’un tel succès ? Le son d’abord. Tous les jours, les platines posées ici sont maniées par des DJs pointus, souvent house, minimale et hip-hop/funk. Le décor aussi : une tapisserie à fleurs orange seventies qui disparaît derrière les graffitis du sol au plafond. On n’est plus tellement habitué à autant de liberté à Paris. L’équipe surtout : des jeunes patrons qui mettent le feu tous les soirs à la boutique. Les cocktails aussi : daïkiri fraise et autres créations savoureuses sont à prix plancher (6,5 à 7,5 €), qui passent à 4,5 € (ainsi que les pintes) pendant l'happy hour de 19h à 20h. Mais la botte secrète du lieu, c’est le Zéro Zéro, un breuvage à base de rhum-gingembre dont la formule est gardée jalousement secrète, et dont le cours a évolué de 2,80 à 3 euros en 15 ans. ;89 rue Amelot 11e Paris;Appeler le lieu;Du lundi au samedi de 18h à 2h. Fermé le dimanche;http://media.timeout.com/images/100562543/617/347/image.jpg
http://www.timeout.fr/paris/bar/la-javelle-guinguette-effervescente;La Javelle, Guinguette Effervescente;A deux pas du parc André Citroën, une guinguette s’est installée. L’étonnement s’empare de nous. Il faut dire qu’il n’est pas si banal de voir autant de vie dans un lieu habituellement peu bouillonnant. Le quai de Javel est d’ordinaire plutôt noirci par les gravats et la poussière que par la foule. Mais depuis quelques mois, voici que les transats se sont fait une place au bord du quai et qu’une scène de danse a miraculeusement élu domicile sur le bitume. Quelques guirlandes lumineuses, d’excellents food-trucks, un joyeux bar et de grandes tables en bois. Une sorte de place de village en plein désert parisien. Une effervescence bien nécessaire pour réveiller un dynamisme local en perdition. Le programme est d’ailleurs particulièrement chargé, alternant sans souffler cours de yoga, bal musette (le lundi soir), concerts et spectacles. Malgré tout ça, la guinguette n’oublie pas de sustenter son public et elle le fait plutôt bien : des food-trucks sont présents chaque soir, proposant cuisine marocaine, thaï, hot-dogs, etc. Le bar, lui, joue à l’original en proposant des bières parisiennes et en dévoilant sans complexe sa passion pour le Picon, qu’il est peu fréquent de trouver en tête d’affiche dans les établissements de la capitale. Si les prix font un peu grimacer (7 à 8 euros la pinte de bière), n’en déplaise à votre bonne humeur, c'est qu'on avait vite oublié la proximité des beaux quartiers, 16e en tête. ;Port de Javel Bas 15e Paris;null;Tous les jours de midi à minuit;http://media.timeout.com/images/101684217/617/347/image.jpg
http://www.timeout.fr/paris/bar/artisan;Artisan;"Artisan. Ce nouveau bar trendy du ""So-Pi"" (comprenez South-Pigalle, le nouveau quartier branché de Paris), va surprendre plus d'une papille blasée. Et pour cause, sa carte changera toutes les deux semaines, en fonction de l'humeur du barmaid et de la chef, des fruits et légumes de saison de prime qualité. Un menu mettant l'""artisanat"" des boissons et des ingrédients à l'honneur.  Mais découvrons le lieu tout d'abord : derrière d'affreux coffrages, l'équipe qui a déjà ouvert La Maison Mère dans le quartier, a mis en lumière de magnifiques piliers en pierre de taille qui donnent beaucoup de cachet à l'espace. Derrière la façade - une grande vitrine lumineuse - on découvre un endroit agréable, dans lequel on se sent bien pour papoter au calme autour d'un verre. Autour d'un comptoir central en forme du ""U"" très convivial, on trouve quelques tables hautes pour s'accouder, un olivier, un bouquet de tournesol et une rangée de miroirs anciens. Au fond, une salle sombre compte plus de tables plus cosy. Le fond musical sera rock, soul, jazz, en tout cas, vintage, tout comme la carte des cocktails. Car le mixologue chevronné Frédéric Le Bordays, qui opèrera derrière le zinc, est l'auteur du livre de recettes de cocktails ""les nouveaux classiques"", utilisant des alcools d'antan comme le Vermouth, twistés avec des ingrédients plus actuels. Des combinaisons qui changeront en fil de son humeur, de la météo et des alcools premiums utilisés, car les prix varieront de 8 à 14€, certaines bouteilles étant très rares. Ainsi, à chaque visite, vous jetterez votre dévolu sur votre choix du moment. Idem pour le vin, que vous pourrez goûter au verre (de 5 à 7€) ou à la bouteille, parmi une poignée de crus bio produits par des vignerons indépendants. En cas de fringale, vous piocherez des plats mitonnés à partir d'ingrédients de saison, une cuisine de marché hyper fraîche. On salive devant la bruschetta de tomates confites aux fraises et parmesan de vache rousse, suivie d'une épaule d'agneau du Quercy confite, avec son caviar d'aubergine à la flamme. Les desserts sont tout aussi tentants, à l'image de ces figues de Soliès rôties au romarin et farcies au chèvre de Mothais et aux herbes... On vous laisse imaginer la suite.  Artisan a décidé de laisser ses cuisines ouvertes jusqu'à 0h30 tous les jours pour laisser le temps aux oiseaux de nuit de bien manger avant de savourer la nuit pigallienne, tous les jours de la semaine (sauf le lundi car le bar sera fermé). Ouverture prévue ce soir, un mardi, pour commencer en douceur.";14 rue Bochart de Saron 9e Paris;Appeler le lieu;Du mardi au samedi de 19h à 2h. Dimanche de 12h à 16h;http://media.timeout.com/images/100778833/617/347/image.jpg
http://www.timeout.fr/paris/bar/demain-cest-loin;Demain c'est loin;"Pour qui aime bien boire et manger pour un prix raisonnable, dans une ambiance presque villageoise, Ménilmontant reste l’un des meilleurs quartiers de Paris. Preuve une nouvelle fois avec le Demain c’est loin, un bar à tapas qui a ouvert récemment en face de l’église Notre-Dame de la Croix. Contrairement à certains restaurants qui n’hésitent pas à faire des tapas un produit de quasi luxe, le Demain c’est loin propose les siennes à un tarif bon marché, proche des véritables tapas espagnoles. Vous hésitez toujours au restaurant pendant des heures avant de choisir ? Pas de souci. De 3,50 à 6,50 euros, vous pourrez ainsi vous payer un véritable assortiment sans vous ruiner, goûtant à la fois les patatas bravas et les tartines au pain Poilâne jambon-mozzarella, l’houmous et les crevettes sautées, les mini-brochettes de poulet et la tortilla. Voilà pour le solide. Côté liquides, les rhums arrangés et les cocktails côtoient une sélection de bons vins abordables qui changent régulièrement, on ne s’en plaindra pas. Tout ça serait déjà suffisant pour y passer ses soirées, mais le Demain c’est loin vaut surtout pour son ambiance chaleureuse, ses conversations au coin du jukebox gratos (n’hésitez pas à lancer un ""Chercher le garçon"" de Taxi Girl, le magnifique ""Buona Sera"" de Louis Prima ou un bon vieux ""Ruby Tuesday"" des familles), son espace étroit qui incite à la franche camaraderie, tout ça sous l’œil bienveillant de l’adorable serveuse et du sympathique patron, sosie officiel de Pep Guardiola (les amateurs de foot comprendront). Pour les beaux jours, il existe une petite terrasse pleine de charme où l’on fait fleurir les potelets du trottoir, avec plaids aux couleurs coccinelle à disposition pour les frileux. Bref, si vous passez une mauvaise soirée dans un tel bar, on ne sait plus à quel saint vous vouer.";9 rue Julien Lacroix 20e Paris;null;Mardi de 16h à 2h, du mercredi au samedi de 11h à 2h, dimanche de 11h à minuit;http://media.timeout.com/images/100706201/617/347/image.jpg
http://www.timeout.fr/paris/bar/le-glass;Le Glass;"Ouvert par l’équipe de la Candelaria dans le désormais branché So-Pi (« South Pigalle »), le Glass est le nouveau bar à découvrir dans le quartier rouge. Le lieu propose des concepts un peu fous venus des U.S. : des bières spéciales et des cocktails à la pression, d’autres mixtures à base d’alcools d’Amérique du Sud comme le Pisco ou le Mezcal, des « boilermakers » (un shot suivi d’une bière), et un large choix de bières bouteilles importées, le tout accompagné de hot-dogs et de délicieux pickles. En bon caméléon, le Glass a gardé le charme clandestin de l’ancien « bar américain » qui occupait les lieux - comprenez bar à hôtesses – du moins sa discrète façade, sa porte insonorisée et ses carreaux opaques. A l’intérieur, pas de banquette porno-chic velours et capitons, mais une déco sobre en partie d’origine : miroirs brisés, boule à facette, lumière tamisée… et ça sent le sapin – celui qui constitue les banquettes posées il y a peu. Ici, on a plus l’impression de débarquer dans un club que dans un bar, et l’endroit, assez exigu, se remplit vite au fil de la soirée. Vers 22h, des DJs poussent le volume ,l'ambiance chauffe et on finit la soirée en s'agitant sur du rock le plus souvent. La clientèle est forcément belle et branchée ; on s’y attendait un peu dans ce nouveau repère de hipsters confidentiel. Les cocktails et le bières ne sont pas donnés mais l'originalité et la qualité se payent. On vous recommande le Tattoo You (mezcal, gingembre, pamplemousse, citron vert et bière fumée), la bière Brewdog Trashy Blonde, parce qu’elle porte un nom réjouissant et qu’elle est bonne. Enfilez-vous ensuite un hot-dog « guacamole et pico de gallo » avant de tenter la grande expérience du boilermaker. Les gringos opteront pour le Patti & Robert : un shot de Jim Beam (du Whisky du Colorado) suivi d’une « Brooklyn East Indian Pale Ale » à la pression, les latinos préféreront le « Lila & Santana », un shot de téquila El Jimador Reposado agrémenté d’une bière mexicaine Modelo Especial, vive et légère. Pour découvrir d'autres bars référencés par Time Out Paris cliquez ici.";7 rue Frochot 9e Paris;Appeler le lieu;Tous les jours de 19h à 2h;http://media.timeout.com/images/100536859/617/347/image.jpg
http://www.timeout.fr/paris/bar/le-9b;Le 9b;Ce nom vous rappelle quelque chose ? Le 9 Billards bien sûr, cet ancien bar de la rue Saint-Maur tenu par l'équipe des Disquaires. Installé boulevard de la Villette depuis plusieurs années maintenant, son petit frère a lui aussi rapidement trouvé son public. Des tribus de jeunes Parisiens viennent en effet ici pour manger un bon couscous (gratuit le mercredi soir) ou boire des coups à prix raisonnables en profitant d’une ambiance enjouée et d’une programmation musicale soignée. Car le 9B cache un secret dans son sous-sol, une belle cave bien sonorisée qui donne dans la house, l’électro ou la techno en accueillant de nombreux artistes et collectifs comme Dee Nasty, OTTO10, Voiron, Cracki Records ou Underground Resistance. Une sorte de petit club planqué mais qui n’a pas empêché ce joyeux rade de conserver son bel esprit de quartier.;68 boulevard de la Villette 19e Paris;Appeler le lieu;Tous les jours de 10h à 2h;
http://www.timeout.fr/paris/restaurant/lilot;L'Ilot;Voilà une jolie bicoque à bulots où l’on vient casser du tourteau, gober des fines de claire ou déshabiller des crevettes roses, sans pour autant se coincer les bras dans une addition aussi salée que du beurre à tartiner. Vous êtes bien à Paris, oui, oui. Mais à l’Ilot, pas besoin de passer par la case plateau (et les 70 euros, au bas mot, qui vont avec) pour déguster, tout frais pêchés, coquillages et crustacés. L’allure du lieu, grand comme un comptoir de poche, est simple, mais les grandes ardoises, les faïences et le parquet blancs, la baie vitrée, les quelques photos, la terrasse qui patiente pour les beaux jours et le chauffage qui tourne en attendant… Tout ça façonne un charme solide et douillet. Il faut grimper sur l’un des tabourets – ici, la mer se savoure en altitude – et choisir ses victuailles. On commande alors son verre de blanc (ou sa bouteille, allons-y carrément) et puis on pioche ici et là, au bonheur du petit format : 5 euros pour tartiner tarama, rillettes de thon ou de saumon, de 4,50 à 9,50 euros pour décortiquer (crevettes grises ou roses de Madagascar), 6,50 euros pour buloter et 8 euros pour s’attaquer au demi-tourteau (14, si vous vous sentez d’affronter les deux moitiés). A côté, les huîtres font les belles : marennes d’Oléron, dernières recrues d’Utah Beach ou plates de Belon (de 18 à 30 euros la douzaine) pendant que le poisson, lui, se la joue fumé ou mariné (harengs, anguilles, saumons, sardines – de 7 à 10,50 euros).  Tout aussi parfait pour prendre large le temps d’un déjeuner. D’autant que la formule est imbattable, 12,50 euros pour une entrée, un plat et le verre de vin. Ce midi-là : une aimable et délicieuse soupe de poisson et au choix pour la suite, demi-tourteau, huîtres en six exemplaires, assiette de rillettes et de tarama ou saumon fumé. De quoi vous remettre du baume au cœur. Et de l’iode au compteur.;4 rue de la Corderie 3e Paris;Appeler le lieu;Du mardi au samedi de 18h30 à 0h30, samedi midi de 12h30 à 15h30;http://media.timeout.com/images/100562459/617/347/image.jpg
http://www.timeout.fr/paris/bar/le-beguin;Le Béguin;Caché dans une petite rue entre place de Clichy et Trinité, le Béguin est un rade sans fioritures, sans être simpliste pour autant. Un bar en zinc, quelques tableaux et miroirs ici et là ainsi que des tables et chaises d’époque soulignent avec finesse une décoration années 1950. Mais c’est plutôt la carte qui a retenu notre attention. Velouté de potimarron, burrata à la fleur de sel, Mont d’Or entier rôti au miel d’oranger et aux fruits secs… Les tentations sont diverses, mais nous pencherons cette fois-ci pour la souris d’agneau confite au miel et sa mousseline de patates douces (17 €). Le plat, joliment présenté sur une ardoise, comble nos papilles dès la première bouchée. La belle pièce de viande est tendre, et sa sauce caramélisée s’harmonise avec la douceur de la mousseline. On l’accompagnera d’un saint-chinian (4,70 € le verre) ou d’un bordeaux supérieur (3,70 €). Le burger est également à tomber, surtout pour ceux qui l’aiment garni d’oignons confits. À côté, des habitués ont opté pour la planche mixte à partager (19,90 €) : conséquente et appétissante, elle semble parfaite pour ceux qui préfèrent grignoter à plusieurs autour d’un bon ballon de rouge. Et si le troquet fait salle comble les mercredis soirs, c'est pour son happy hour spécial champagne de 19h à 23h (5 € la coupe). La prochaine fois, on testera les huîtres avec un pouilly-sur-Loire (4 € le verre), que l’on espérera servis par cette même jeune femme souriante et tout à fait sympathique. Dis donc, on n’aurait pas un petit béguin ?;2 rue du Cardinal Mercier 9e Paris;Appeler le lieu;"Du lundi au vendredi de 9h à 2h ; le samedi de 10h à 2h ; fermé le dimanche";
http://www.timeout.fr/paris/restaurant/telescope-cafe;Télescope Café;"David Flynn est un puriste de l’expresso et l'ambiance minimaliste de son Télescope Café ne vous fera certainement pas dire l'inverse. Les murs blancs et vides du lieu mettent en valeur le superbe percolateur Marzocco, qui trône telle une figure divine au centre de la pièce, sobrement accompagné sur le comptoir d'une assiette de gâteaux et d'une petite bouilloire originale nommée « über-boiler ». Un ascétisme dont les clients réguliers – un mélange de travailleurs du quartier et d’expatriés anglophones ou japonophone – ne semblent guère s'offusquer. Le Télescope tient du lieu de culte et l’on vient ici avant tout pour se recueillir devant un bon café. Ne demandez donc rien d’autre qu’un petit noir à choisir parmi plusieurs variétés torréfiées sur place ; ce serait perdre votre temps. Le seul choix qui vous incombe est l’origine de votre breuvage, entre Kenya, Ethiopie, Guatemala, Honduras, Brésil ou Colombie. La sélection des cafés est aussi éclectique et de qualité que peut l’être la musique diffusée, entre free jazz, soul, blues et tango. Rassurez-vous, les agnostiques de l'or noir ont également leur place en ce lieu. Si tel est votre cas, n’hésitez pas à vous laisser guider par le patron, qui  propose également des dégustations en sous-sol. Vous en sortirez converti.";5 rue Villedo 1er Paris;Appeler le lieu;Du lundi au vendredi de 8h30 à 18h30. Le samedi et le dimanche de 9h30 à 18h30;
http://www.timeout.fr/paris/bar/le-copperbay;Le CopperBay;Les bars à cocktails s'ouvrent et ne se ressemblent pas. C'est ainsi que le CopperBay a pointé le bout de son nez au moment même où le frimas nous poussait à chercher de nouveaux refuges. Et voici qu'en empruntant la rue Bouchardon pour fuir le vacarme des avenues, l'endroit nous est apparu tout nu, derrière ses grandes vitres, nous laissant embrasser en un regard tout son espace soigné et sophistiqué. En poussant la porte, on se sentait presque intimidé. ;5 rue Bouchardon 10e Paris;null;Du mardi au samedi, de 18h à 2h;
http://www.timeout.fr/paris/bar/le-coq;Le Coq;"Dans ce quartier de Château d’Eau toujours plus branché, un nouveau bar à cocktails vient d’ouvrir, dans un style rétro-chic très étudié qui rappelle les 70's. Le Coq est né : cocorico ! Car la France est un pays de mixologie qui s’ignore : « Les alcools français désuets comme la liqueur d'ambrette ou la Chartreuse sont très appréciés par les bartenders à Berlin, Londres et New York. Nous proposons des créations de breuvages ""twistés"", revisités avec des ingrédients disparus des zincs français, dans un esprit glamour des 70's à Paris », explique Tony Conigliaro, l'un des trois patrons du lieu avec Thierry Daniel et Eric Fossard. Cet alchimiste du cocktail n'en est pas à son coup d'essai : il a récemment ouvert deux bars à Londres, le 69 Colebrooke Row et le Zetter Townhouse. Ainsi on peut goûter le Lisptick Rose, un cocktail très féminin, à base de vodka à la rose, sirop de framboise et de violette et de Peychaud’s Bitters (un alcool créé en 1830 par un apothicaire créole de Saint-Domingue installé à la Nouvelle-Orléans). Autre voyage dans le temps, le 10e et sa liqueur d’ambrette remise au goût du jour pour donner une nouvelle saveur au kir royal, ou Les Fleurs du Mal imprégné d’absinthe, ou encore le Spitfire, un « twist » du Boston Sour, à base de cognac Merley, crème de pêche, citron, sucre de canne et vin blanc. Au total, douze mixtures ont été élaborées par ces spécialistes du cocktail. Pour les savourer, attendez-vous à mettre le prix : 11 euros le verre. Avec une carte si travaillée, le décor n’a évidemment pas été bâclé : murs noirs ou en pierres apparentes faussement décrépits, canapés cosy et lumières tamisées, expositions temporaires d’artistes influencés par les 70’s... Les étagères derrière le bar sont chargées de bouteilles vieillies et millésimées de Chartreuse, Vermouth, cognac et autres liqueurs rares. Le fond musical change de l'électro ambiante, toujours inspiré des 70's, allant de Serge Gainsbourg à Grace Jones en passant par Fela Kuti.";12 rue du Château d'Eau 10e Paris;null;Du mardi au samedi de 18h à 2h;http://media.timeout.com/images/100553247/617/347/image.jpg
http://www.timeout.fr/paris/restaurant/beaurepaire-le-mellotron;Beaurepaire - Le Mellotron;Installé depuis 2012 dans le chouette quartier du canal Saint-Martin, le Beaurepaire est l’annexe du fameux Café A. Ce restaurant intimiste ne laisse la place qu’à une dizaine de tables en bois, et prend des allures de bistrot à la française avec ses murs de brique, ses rideaux rouges, ses lampes industrielles et son bar en zinc. L’été, la grande baie vitrée s’ouvre pour offrir un bol de soleil aux personnes assises. Devant le grand miroir, sur le mur à proximité des tables, des platines vinyle et du matériel hifi offrent la possibilité aux DJ de venir proposer des sets soul, funk, jazz et hip-hop plusieurs soirs par semaine. Derrière cette initiative se cache l’équipe de la web radio Le Mellotron, qui programme des collectifs comme D.kO Records, la Mamie’s ou encore Radiomeuh à l’heure de l’apéro ou du dîner. Début 2015, le lieu change de nom et s'appelle désormais Le Mellotron.  ;6 rue Beaurepaire 10e Paris;Appeler le lieu;Lundi de 08h à 18h et du mardi au vendredi de 08h à 02h (dîner servi jusqu'à 23h). Le samedi de 17h à 02h.;http://media.timeout.com/images/101805395/617/347/image.jpg
http://www.timeout.fr/paris/bar/candelaria;Candelaria;"Une excellente taqueria ou l'on vient siroter un bon cocktail en picorant des tacos et tostadas. Les tacos, enfin à la mode à Paris ? Oui, grâce à cette taqueria mexicaine où des Parisiens branchés cotoient des expats' Anglais et Américains qui se donnent rendez-vous ici. On peut y picorer de délicieux tacos et des tostadas pas chers (3 euros pour un, 5,50 euros pour deux), remplis de viande épicée ou de fromage mexicain et de légumes.  Les tortillas sont faites maison et la sauce piquante remue. La toute petite salle blanche avec sa cuisine ouverte, quelques tabourets et tables d’hôte ne laissent pas deviner que derrière la porte du fond se cache un bar branché où on peut siroter une margarita ou des créations du barman telles la guêpe verte (tequila, citron vert, piment, concombre, épices et sirop d’agave) dans un cadre cosy, sur un fond musical mixé par des DJs. Voici les 100 meilleurs bars de Paris sélectionnés par Time Out Paris - cliquez ici pour voir la liste complète.   La Candelaria fait également partie de notre dossier des ""50 plats qui font Paris"" : Voir le dossier complet   ";52 rue de Saintonge 3e Paris;Appeler le lieu;Du dimanche au mercredi de midi à 23h, du jeudi au samedi de midi à minuit;http://media.timeout.com/images/100014963/617/347/image.jpg
http://www.timeout.fr/paris/restaurant/folks-and-sparrows;Folks and Sparrows;Si le hipster parisien devait dessiner sa cantine idéale, elle ressemblerait probablement au Folks and Sparrows, ce nouveau coffee-shop bien pensé où le néo-hippy et très sympathique Franck réinvente chaque jour le traditionnel jambon-beurre.;14 rue Saint-Sébastien 11e Paris;Appeler le lieu;Du mardi au dimanche de 10h à 19h;http://media.timeout.com/images/102051867/617/347/image.jpg
http://www.timeout.fr/paris/bar/le-perchoir-bar;Le Perchoir (bar);Tout Paris en parle, et pourtant, rares sont les élus à avoir goûté au charme du Perchoir, ce nouveau bar démentiel à Ménilmontant ouvert sur un large rooftop avec vue panoramique à 360° sur la capitale. Découvrir un tel endroit, ça se mérite. Vous n'échapperez donc pas à une petite attente pour profiter de ce nouveau lieu à la mode, le Perchoir étant victime de son succès et les places de fait limitées. Et ce, même si le bar joue sur le bouche à oreille pour lancer son bar façon « speakeasy » (soit « pseudo-clandestin »), dernière tendance parisienne qui consiste à ouvrir un lieu non visible de la rue et connu des seuls initiés – comme au temps de la prohibition de l'alcool dans les années 1950 à New York, alors que tout est parfaitement légal bien entendu. L'entrée est quelconque (si ce n'est la queue devant qui s'allonge d'heure en heure), la cour intérieure (dans laquelle vous trouverez un ascenseur qui vous fera grimper au septième étage, ou plutôt au septième ciel), glauque. Même si vous êtes préparé à une vue spectaculaire, vous serez émerveillé par la découverte de ce vaste toit lumineux aménagé avec un joli bar, des canapés confortables recouverts de coussins dépareillés, des grandes tablées conviviales, des chaises disparates et des petits coins tranquilles, parfaits pour prendre un verre, papoter, profiter du soleil et du grand air des cimes urbaines. Cà et là, des plantes folles et des herbes aromatiques sont plantées dans des pots posés autour des banquettes ou suspendus à la rampe du toit. Rien ne manque à cette déco simple et chaleureuse qui change des quelques rooftops guindés qui existent dans les quartiers chics de Paris, plutôt destinés à une clientèle d'happy fews BCBG plutôt qu'à des bobos argentés. A la carte, on peut expérimenter le cocktail du jour (à 12 €) concocté selon l'humeur des barmen, des bières pression assez chères (5 € le demi) ou des bières en bouteille importées de contrées lointaines : Mexique, République tchèque... Attention, au bout de quelques verres, on finit par avoir le vertige en voyant la note grimper ! Si vous aimez le vin, préférez d'emblée les bouteilles ou les magnums de rouge, blanc ou rosé (à respectivement 27 et 50 €). Vous remarquerez sans doute la belle mécanique du coupe-jambon près du comptoir, où sont préparés de petits tapas délicieux, à partager pendant l'apéro. On a particulièrement aimé la mousse de saumon maison et le jambon bellota, accompagné de pain goûteux. Le coucher de soleil sur l'église du Sacré-Cœur au loin est un spectacle bien appréciable, encore plus avec un verre de rosé glacé à la main, avant que ne s'illuminent les guirlandes colorées de la terrasse la nuit.  Pour conclure, retenez un seul conseil : arrivez très tôt, idéalement vers 17h30, et si possible en groupe, car à partir de 18h30, il est difficile de convaincre le portier de vous laisser passer, faute de place. Ou alors, tentez votre chance vers 22h, quand de nombreux groupes lèvent l'ancre et libèrent des tables. Mais l'option la plus sûre pour profiter de la terrasse est de réserver au restaurant du Perchoir, situé dans une vaste salle de l'avant-dernier étage de l'immeuble, ce qui vous garantira un verre d'apéro sous les derniers rayons du soleil.  Pour découvrir notre dossier des 50 meilleures terrasses à Paris, cliquez ici.  Pour découvrir notre Top 10 des terrasses panoramiques, cliquez ici.;14 rue Crespin du Gast 11e Paris;Appeler le lieu;De 17h à 2h;http://media.timeout.com/images/100760931/617/347/image.jpg
http://www.timeout.fr/paris/restaurant/soul-kitchen;Soul Kitchen;Un coffee-shop tout doux, pour boire un excellent café, manger une pâtisserie ou déguster un bon petit plat maison. C’est une petite cantine accrochée aux escaliers de la butte, une buvette couleur café, habitée par trois drôles de dames, inspirées, coquettes et gourmandes. Le genre d’endroit que l’on aimerait avoir en bas de chez soi. Pour venir boire un latte crémeux le matin avec les petits vieux du quartier, et lire les premières nouvelles de la journée par-dessus leurs épaules fatiguées. Pour manger le midi en douce compagnie, se régaler des délicieuses recettes maison, réinventées chaque jour, fricotées avec des produits bio ou locaux. Pour passer l’après-midi au chaud, entre un ordinateur et une belle pâtisserie, ou simplement pour boire un petit noir de classe Marzocco avant de filer ailleurs.;33 rue Lamarck 18e Paris;Appeler le lieu;Du mardi au vendredi, de 8h30 à 18h30. Le samedi et le dimanche, de 10h à 19h. Fermé le lundi;http://media.timeout.com/images/100551249/617/347/image.jpg
http://www.timeout.fr/paris/bar/le-mary-celeste;Le Mary Céleste;Si vous cherchez le Mary Céleste, ce nouveau bar ouvert par l'équipe de la Candelaria et du Glass, vous risquez de passer devant sans le voir. Avec sa porte en PVC et son néon tout simple, il ressemble plus à une pizzeria de quartier qu'à un bar ultra branché du Marais. Mais justement, on aime cette sobriété bien placée, ce manque de prétention et de fioritures, et les grandes baies vitrées toutes embuées en hiver qui laissent présager des apéros lumineux en été. Autour d'un bar central très convivial, on découvre des tabourets, et quelques tables et chaises (toujours de pizzeria) où s'installent une clientèle bien apprêtée, qui est un peu là parce que c'est le dernier bar ouvert en vogue, mais qui vient aussi pour la carte de bons produits que le Mary Céleste propose. Ici, on mise sur des cocktails maison comme dans les autres bars de la famille, mais aussi sur un concept nouveau : le bar à huîtres. Le plus fun, c'est l'happy oyster hour de 17h à 19h, pendant laquelle les Marennes-Oléron, Bouzigue ou plates Belon sont à 1 euro (contre environ 1,50 euros en temps normal). Pour arroser sa bourriche, on jette son dévolu sur un bon vin blanc dans une longue liste de bons crus dont des premiers prix raisonnables (5 euros le verre). Ceux qui n'aiment pas ces bêtes marines pourront se rabattre sur des tapas à partager, comme les endives au tamarin (avec échalotes, menthe et coriandre) ou la pintade (sauce gochujiang, vinaigre de riz et miel), que l'on peut accompagner d'un bon vin rouge. Comme au Glass, la bière Brooklyn Lager se sert ici à la pression. Si vous voulez tester des alcools plus élaborés, la carte des champagnes, alcools rares (whiskies, vodka, rhum) et des cocktails s'adresse aux connaisseurs. On a même du mal à comprendre la composition de certaines mixtures, comme le Nord-Sud (Drouin blanche de Normandie, Sherry fino, grenadine maison et citron jaune) dont l'alcool est une vodka faite à base de pomme. On a adoré le Rain Dog (bourbon Four Roses, amaro Diesus, sirop de capillaire, menthe et citron jaune), et le Masala Cow (rhum plantation Jamaïque, lait, chai masala), mais pas le Dear Appollonia à base de grappa, un peu violent pour les papilles. Comptez quand même 12 à 13 euros pour un cocktail – ce qui n'est pas donné. Dans un coin, une platine vinyle s'occupe de l'ambiance sonore. L’accueil est très bon même en plein rush, alors n’hésitez pas à vous faire conseiller. Résultat des courses : le Mary Céleste reste une belle découverte pour son esprit décontracté et la qualité des produits servis. ••••••••••••••••••••••••••••••••••••••••••••••••••••••••••••••••••••••••••••••••••••••••••••••••••••••••••• Pour découvrir d'autres bars référencés par Time Out Paris cliquez ici. •••••••••••••••••••••••••••••••••••••••••••••••••••••••••••••••••••••••••••••••••••••••••••••••••••••••••••• Pour voir la liste complète des 100 meilleurs bars sélectionnés par Time Out Paris cliquez ici. ••••••••••••••••••••••••••••••••••••••••••••••••••••••••••••••••••••••••••••••••••••••••••••••••••••••••••••• ;1 rue Commines 3e Paris;null;Tous les jours de 5h à 2h;http://media.timeout.com/images/100625923/617/347/image.jpg
http://www.timeout.fr/paris/bar/la-mecanique-ondulatoire;La Mécanique Ondulatoire;C'est bien connu, Bastille est un repaire de rockeurs. La Mécanique Ondulatoire est un de ces bazars d’objets rétro et meubles vintage répartis sur deux étages. Au rez-de-chaussée un étonnant mur décoré de tous les alcools imaginables donne une idée des cocktails concoctés ici à prix raisonnable. On descend dans la cave pour assister à des sets de DJ ou des concerts rock, ska, punk, ou metal. On tapote du pied, twiste des épaules ou, pour les plus solides, on participe aux pogos. Les groupes investissent les lieux parfois même le dimanche. L’entrée du bar est gratuite et l’accès à la cave tourne autour de 5/10 euros, alors n’hésitez pas à mettre votre cuir, enfiler votre jean troué et venir voir si l’affiche du jour vous tente !;8 passage Thiéré 11e Paris;null;Du lundi au samedi de 18h à 2h. Les jours et horaires des concerts varient;
http://www.timeout.fr/paris/bars/le-trac;Le Trac;Fini les trucs étriqués et les tracas, le bar Trac dans le 13e transforme votre train-train quotidien. Ouvert à la rentrée 2014 par l'équipe du Djoon, ce nouveau lieu polyvalent s'annonce comme l'endroit incontournable pour les amateurs d'amour, de cocktails frais et de boulettes de Charolaise. ;72 avenue de France 13e Paris;Appeler le lieu;Du lundi au jeudi de 8h à 1h, vendredi et samedi de 8h à 2h;http://media.timeout.com/images/101781841/617/347/image.jpg
http://www.timeout.fr/paris/bar/le-lockwood;Le Lockwood;On découvre le Lockwood, sa devanture sobre et son enseigne simplement inscrite au feutre, rue d'Aboukir, niché au milieu des boutiques de prêt-à-porter. On s’attend alors, sans surprise, à un bar trendy meublée à la new-yorkaise, avec sa poignée de fidèles barbus tirés à quatre épingles. Mais cette fois pour attirer les Parisiens dans leur tanière, les frères Lehoux (le Silencio, le Ten Belles...) ont misé sur un bar d'un nouveau genre, ouvert non-stop, capable de se la jouer à la fois coffee-shop et bar à cocktails. La déco fait tout de suite son petit effet : tables de bois blanc, lampes garnies de figurines et bouteilles qui pendent la tête à l'envers au-dessus du comptoir. On peut s'y pointer au petit matin, pour s'exciter avec le café de la brûlerie de Belleville (2,50 euros) en mordant dans l’une des pâtisseries appétissantes qui font les malignes sous les cloches – lemon cake et cookies (3,50 €). Les plus grosses faims se raviront sûrement de cette salade plutôt raffinée aux betteraves, polenta et chèvre (6,50 €). Et puis doucement, le soleil ira se coucher et les festivités pourront commencer. L'Aperitivo se pratique ici à l'italienne, avec un buffet gratuit (parfait pour les radins malins) que l'on accompagne d'un Aperol-Spritz (9 €) pour jouer le jeu à fond. Et puis on emprunte l'escalier du fond et là, c'est la claque. On pénètre dans l'une des plus belles caves de Paris, toute en pierres, qui renferme de charmantes alcôves privatisables. Rock garage qui résonne, cierges qui dégoulinent, clefs accrochées au mur, ambiance feutrée et moquette au sol, on se croirait tout juste arrivé dans l’un de ces speakeasy de la prohibition américaine. Bien sûr, comme dans tout bar à cocktails qui se respecte, les baristas en marcel ont le shakeur dans la peau (carrément tatoué sur l'avant-bras !) et proposent aussi un large panel de whisky pour les amoureux de spiritueux. Pour éponger tout ça, on pioche dans la carte du soir des quesadillas (13 €), galettes de maïs grillées à l'échine de porc cuite pendant 6h, qui fondent littéralement en bouche. Certes, les prix flambent autant que la population, mais la qualité des boissons et des plats nous réconforte. Challenge pour la prochaine fois : privatiser une des petites salles voûtées pour une soirée bien planquée.;73 rue d'Aboukir 2e Paris;Appeler le lieu;Du lundi au samedi de 8h à 2h. Fermé le dimanche;http://media.timeout.com/images/101504097/617/347/image.jpg
http://www.timeout.fr/paris/bar/chez-georges;Chez Georges;Ne comptez pas ressortir d'ici sans tache de vin sur vos habits ! Le soir, dans cette cave à vin voûtée toute en pierre, cachée au cœur du quartier huppé de Saint-Germain-des-Prés, des étudiants branchés s'encanaillent comme des ouvriers. Ils dansent collés à la sueur de leurs voisins ou même sur les tables quand le sol est déjà trop densément occupé, et ils boivent, ils trinquent, ils chantent à tue-tête des chansons françaises, comme un hymne à la gloire de Bacchus, à fond les ballons de rouge ! Georges, qui tenait cette authentique taverne française depuis toujours, ne patine aujourd’hui son zinc qu'avec son coude, qu'il soulève allègrement à la moindre occasion.;11 rue des Canettes 6e Paris;Appeler le lieu;Du lundi au vendredi de 15h à 2h, samedi de midi à 2h, dimanche de 19h à 2h;
http://www.timeout.fr/paris/salle-concert/le-chinois;Le Chinois;Non, le Chinois ne fait pas référence à John Cassavetes (‘Murder of a Chinese Bookie’), au gros navet de Robert Clouse, où à n’importe quel film traitant de la mafia avec un truand asiatique, un juif et un italo-américain… L’origine de son nom est bien plus prosaïque que cela : ce nouveau lieu culturel, made in Montreuil, s’est installé dans les locaux d’un ex-restaurant chinois. Avec une programmation dite « sans concession, sans varietoche » (sic), le Chinois, tout en se targuant d’un éclectisme total, a tout de même tendance à s’orienter vers l’indie rock avec de jeunes groupes comme les Velvet Veins, dont on raffole chez Time Out Paris.;6 place du Marché Montreuil 93100;null;Du jeudi au samedi, de 19h à minuit;
http://www.timeout.fr/paris/restaurant/lebouillante;L'Ebouillanté;Assis sur cette terrasse qui accueille tables et chaises de couleurs vives, on se croirait presque au cœur d’une petite ville de Province. Pourtant, à côté de cette placette étonnamment calme, coulent la Seine et se dressent les bars animés du Marais. Il y a quarante ans, le lieu était l’atelier de Gali, artiste cosmopolite qui invitait déjà amis, peintres et galeristes à prendre le thé sur les pavés du dehors. C’est eux qui le persuadèrent alors d’ouvrir son salon de thé, en bonne et due forme. A la carte, vinrent s’inscrire plusieurs plats exotiques dont le peintre avait récupéré les recettes lors de voyages. Comme la brique tunisienne, une petite crêpe toute fine et croustillante garnie de fromage, de viande ou de légumes. Un plat que l’on peut encore déguster aujourd’hui.;6 rue des Barres 4e Paris;Appeler le lieu;Tous les jours de midi à 22h en été, et de midi à 19h en hiver;
http://www.timeout.fr/paris/restaurant/the-broken-arm;The Broken Arm;On ne va pas vous le cacher, on aime beaucoup The Broken Arm. D’abord parce que la boutique, imaginée par trois membres du collectif Des Jeunes Gens Modernes, est remplie de fringues, de bouquins, de musique, de meubles et de chaussures triés sur le volet, sélectionnés avec goût et arrangés avec soin. Certes, les prix affichés sur les étiquettes risquent de vous faire tourner un peu la tête (voire de vous donner envie de vous enfuir en courant pour vous réfugier dans le Guerrisol le plus proche). Mais dites-vous que ça ne coûte rien de regarder, de rêver un peu, de s’imprégner de la douce atmosphère qui règne là. Et surtout que ça ne vous empêche pas de passer la petite porte en verre qui mène jusqu’au café attenant. Là, vous pourrez vous asseoir à l’une des jolies tables en bois pour déguster un excellent café (tout droit sorti d’un percolateur La Marzocco), entouré de plantes vertes et inondé de lumière. Si vous passez en matinée ou pour le goûter, ne résistez pas aux pâtisseries (cookie plus que parfait, cheesecake aux myrtilles royal). De toutes façons, elles finiront par avoir raison de vous. Le reste de la journée, vous n’aurez qu’à faire votre choix parmi les assiettes froides (entre 7 et 16 euros). Elles changent selon l’inspiration du jour et les – très bons – produits de la saison, mais elles sont toutes fraîches, inventives et délicieuses. A l’image de cette burrata des Pouilles à la truffe, à la mousseline d’asperges vertes et aux asperges sauvages, de ce velouté de fenouil aux pommes vertes et aux amandes, de ce beau sandwich au saumon fumé et à la crème d’aneth ou encore de cette planche de charcuteries fameuse qui s’amène garnie d’une belle grappe de raisins. Tout est soigné, de la composition des plats à la provenance des produits, en passant par la déco, la chaleur de l’accueil ou les boissons proposées à la carte (excellente limonade Mixmi). L’endroit rêvé, en somme, pour une pause gourmande et ressourçante. ;12 rue Perrée 3e Paris;Appeler le lieu;De 9h à 18h. Fermé dimanche et lundi;http://media.timeout.com/images/100728265/617/347/image.jpg
http://www.timeout.fr/paris/bar/le-motel;Le Motel;Retiré dans un passage près de Bastille, le Motel est un bar où se donne rendez-vous une clientèle électro-pop-rock branchée les soirs de petits concerts. Demandez aux serveurs sympathiques à souhait un cocktail détonant, comme le vodka-tatin, le Joe (vodka-pastèque) ou le Léon des Bois (vodka-citron vert-fraise-menthe). Les planches mixtes sont à moitié prix pendant ce moment de grâce qu’est l’happy hour (18h-21h), les pintes à 3,5 €, les cocktails et les mojitos à 4,5 €. On s'installe au fond, sur des canapés dépareillés chinés en brocante, face au bar en arc-de-cercle. Plus tard dans la soirée, des DJ envoient leurs sets qui chauffent un dancefloor bien rempli le week-end. Les mardis, mercredis et un dimanche sur deux, on vient profiter d'un « pop quiz », un jeu qui attire des habitués calés en raretés musicales. Pour connaître la programmation, cliquez ici.;8 passage Josset 11e Paris;Appeler le lieu;Du mardi au dimanche de 18h à 2h. Fermé le lundi;
http://www.timeout.fr/paris/bar/o-paris;O’ Paris;Ô Paris, c'est beau Paris ! Pourrait-on dire depuis la terrasse de ce bar (anciennement la Mer à Boire) qui domine toute la ville. D'un seul coup d'œil on embrasse la cité du regard, la tour Eiffel à l'horizon. Préservé du stress de la fourmilière humaine qui s’agite à ses pieds, ce bar étale sa terrasse sur une placette pavée et arborée. On profite du soleil et du calme sans le bruit des voitures. Au milieu des vieux qui feuillettent le journal, et des enfants du quartier qui courent autour, on s’y sent bien. Les journées froides d’hiver, on se réfugie à l’intérieur, assez vaste et chaleureux. Des livres et des BD sont là pour accompagner les dimanches après-midis pluvieux. Le café (2 euros) est ici servi avec du sucre roux à l’ancienne et du sirop de noix de macadamia, délicieux. Les habitués viennent volontiers casser la graine simplement avec des tartines chaudes, des planches de charcuterie/fromage, et des plats de cuisine française classique délicieux (tartare de saumon, magret de canard...). On regrette que les prix soient un peu plus élevés depuis la reprise de l'endroit, surtout pour les portions servies, mais on est tellement bien que la différence est acceptable. •••••••••••••••••••••••••••••••••••••••••••••••••••••••••••••••••••••••••••••••••••••••••••••••••••••••••••••••••••••••••••••• Pour découvrir d'autres bars référencés par Time Out Paris cliquez ici. ••••••••••••••••••••••••••••••••••••••••••••••••••••••••••••••••••••••••••••••••••••••••••••••••••••••••••••••••••••••••••••• Pour voir la liste complète des 100 meilleurs bars sélectionnés par Time Out Paris cliquez ici. ••••••••••••••••••••••••••••••••••••••••••••••••••••••••••••••••••••••••••••••••••••••••••••••••••••••••••••••••••••••••••••••;1 rue des Envierges 20e Paris;Appeler le lieu;Du mardi au samedi de midi à 1h, le dimanche de midi à 18h;
http://www.timeout.fr/paris/bar/pasdeloup;Pasdeloup;Vous sortez du métro Filles du Calvaire, et vous n’êtes plus qu’à un pas du Pasdeloup. Vous attendez vos amis en terrasse en vous amusant à parcourir l’infographie de la carte. Entre jeu et explications utiles, elle vous aiguille vers votre cocktail-clé. Vos amis arrivent, vous partez donc vous asseoir avec eux : au bar à manger près des fourneaux, à l’une des tablées du couloir, au bar à cocktails dans la salle du fond, à la table basse scandinave encerclée de fauteuils plumés, ou carrément à l’étage, cet espace qui offre plus d’intimité, parfait pour les soirs d’anniversaire.;108 rue Amelot 11e Paris;Appeler le lieu;Du mardi au dimanche de 18h à 2h;http://media.timeout.com/images/102144903/617/347/image.jpg
http://www.timeout.fr/paris/bar/le-sherry-butt;Le Sherry Butt;;20 rue Beautreillis 4e Paris;Appeler le lieu;Du mardi au samedi de 18h à 2h, dimanche et lundi de 20h à 2h;http://media.timeout.com/images/100544425/617/347/image.jpg
http://www.timeout.fr/paris/restaurant/le-pavillon-du-lac;Le Pavillon du Lac;Quel cadre ! Et quelle assiette ! Le Pavillon du Lac, planté au milieu des Buttes Chaumont, a ouvert en 1868 comme les cinq autres pavillons du parc. Restauré en 2010 après dix ans d'oubli, il a été transformé en restaurant de haute volée tenu par le chef Fabien Borge, qui vaut le coup de fourchette. Par un beau dimanche ensoleillé, réservez une de ces belles tables en terrasse, devant le pavillon ou dans son jardin à gauche. L’hiver, vous aurez le choix entre la grande salle cosy et élégante en bas ou celle à l’étage tout aussi confortable, sous une grande et jolie verrière. Dans les deux cas, vous trouverez l’écrin de verdure qui vous entoure très apaisant. L’assiette est une ode à la séduction pour votre palais, une composition culinaire esthétique aux ingrédients de prime fraîcheur. La soupe froide de petit pois délicatement parfumée à la menthe poivrée est servie avec une gambas juste saisie, tandis que la burratina fondante aux truffes est accompagnée de tomates noires de Crimée à l’huile d’herbe. Un délice estival qui n’est qu'une mise en bouche. La suite est tout aussi convaincante : le pavé de bœuf Angus, une viande importée d’Irlande parmi les plus réputées du monde, est tendre et cuit à la perfection, servi avec pommes grenailles fumées et une poêlées de girolles, quelle belle idée. Le filet de barbue poêlé a lui aussi du répondant, avec ses artichauts à la barigoule et ses gnocchis al dente.;Parc des Buttes Chaumont 19e Paris;Appeler le lieu;null;http://media.timeout.com/images/100751249/617/347/image.jpg
http://www.timeout.fr/paris/bar/au-clair-de-lune;Au Clair de Lune;Entre Château Rouge et Montmartre, au pied de la butte, le Clair de Lune est un bar sans prétention, toujours très animé en soirée, où les habitants du quartier aiment se retrouver à l'heure de l'apéro pour papoter. On profite de la longue happy hour de 18h à 22h, pendant laquelle on sirote des pintes de Stella à 3,5 €, des pintes de Leffe, de bière blanche à 4,70 € ou des cocktails à 5 €. Quelques vieilles affiches d’époque ont échappé à la rénovation du lieu il y a quelques années, tandis que les poufs orange et les tables seventies sont toujours là. On aime le néon rose au-dessus du comptoir à l’ancienne donne bonne mine,  les serveurs adorables qui connaissent tout le monde, la clientèle de bobos et de vieux habitués et les prix plancher. Dans ce coin de la salle, des petits groupes se produisent de temps en temps. Devant, une véranda donnant sur la rue propose des tables hautes et devient un coin fumeur en été, quand elle est entièrement ouverte. Les soirs de match, un écran attire une foule plus masculine qu’à l’ordinaire. Quand les télés sont éteintes, la programmation musicale funk/soul/reggae est vitaminée. ;1 rue Ramey 18e Paris;Appeler le lieu;Tous les jours de 8h à 2h;
http://www.timeout.fr/paris/bar/la-petite-chaufferie;La Petite Chaufferie;;32 rue de l’Echiquier 10e Paris;Appeler le lieu;Le midi, du lundi au vendredi. Le soir, du mardi au samedi, de 18h à 2h;http://media.timeout.com/images/101683291/617/347/image.jpg
http://www.timeout.fr/paris/bar/le-bistrot-des-dames;Le Bistrot des Dames;Le Bistrot des Dames est un repaire connu des habitués du quartier, dans cette rue des Dames animée. Si l’intérieur est accueillant, avec son joli comptoir à l’ancienne, sa déco rétro agrémentée d’affiches de réclames d’un autre temps, le Bistrot des Dames est connu pour son petit paradis de jardin, un havre de verdure secret. Ce restaurant bar à vin n’est malheureusement pas ouvert l’après-midi, en revanche le soir et le week-end, c’est l’endroit rêvé pour emmener tous vos amis qui affirment que Paris n’est que bitume et pollution et pour profiter d’un dimanche matin ensoleillé dans la verdure. Une vaste carte des vins vous laissera hésiter entre plusieurs bons crus, demandez conseil si vous ne savez lequel choisir. Pour les petites faims, on peut opter pour une belle salade (dans les 15 euros). Pour les grosses faims, les entrées (carpaccio de canard délicieux, artichauts et mozzarella di buffala) et les plats sont tout aussi recommandables. La carte propose un grand choix de poissons (le pavé de thon saisi à la sauce balsamique vaut le détour), pour finir avec un excellent dessert (sorbet de poire au cognac, crème brûlée au gingembre…). Le personnel est souvent débordé mais très sympathique. Un sans faute pour ce bar-restaurant qui se trouve au pied d’un hôtel pour jeunes touristes. Si le restaurant n'est ouvert qu'aux heures des repas, on peut profiter du jardin pour prendre un verre tous les après-midis. ;18 rue des Dames 17e Paris;Appeler le lieu;Tous les jours de midi à 2h;http://media.timeout.com/images/100747843/617/347/image.jpg
http://www.timeout.fr/paris/restaurant/ten-belles;Ten Belles;Après avoir travaillé derrière les meilleurs zincs de Paris, Thomas Lehoux a décidé d’ouvrir son propre café. Et grand bien lui en a pris. Le lieu est parfaitement situé, installé à deux pas du canal Saint-Martin. La devanture s’étale entre bois naturels et plantes décoratives. Plusieurs tabourets permettent aux fumeurs de s'asseoir en contemplant la longue file d’attente qui se forme parfois ici. Les prétendants sont nombreux, mais il faut dire qu’à Ten Belles, boire du café devient carrément sexy (et c’est le petit tableau noir à l’entrée qui le clame).;10 rue de la Grange aux Belles 10e Paris;Appeler le lieu;Du mardi au vendredi de 8h à 18h. Le samedi et le dimanche de 9h à 19h. Fermé le lundi;