name;link;image;description;address;price;horaires;metrostation;hours
Le Pantalon;http://www.timeout.fr/paris/bar/le-pantalon;;A deux pas du Panthéon, le Pantalon est un rendez-vous prisé par les étudiants de la Sorbonne toute proche. Construit sur un ancien bordel, ce bar présente une façade très discrète, mais à l’intérieur, surprise ! Dans la salle du fond, des étudiants des Beaux-Arts ont peint un mur en trompe l’œil et reconstitué une rue pavée avec feu tricolore et lampadaire, on se croirait sur une terrasse extérieure. On y boit de la Delirium Tremens et de la Chouffe à la pression sur des tables en formica, ou d’autres bières en bouteille. Ceux qui préfèrent les shooters ne sauront lequel choisir parmi une liste de noms saugrenus comme le Colgate, Cocaïne ou le Slow Job (10 euros les 5!). Les prix sont raisonnables pour le quartier (clientèle d’étudiants oblige) et l'happy hour est un bon plan même si elle fini trop tôt (de 17h à 19h) : la pinte est à 3 euros, la Guiness, Chouffe ou Delirium Tremes à 4 euros.;7 rue Royer-Collard 5e Paris;null;Tou les jours de 3h à 2h;Métro : Place Monge;De 17h à 19h.
L'Orange Mécanique;http://www.timeout.fr/paris/bar/lorange-mecanique;;"Rue Jean-Pierre Timbaud à Paris, les bars agréables et bon marché se suivent et ne se ressemblent pas. Parmi eux, on conseillera aux assoiffés l’Orange Mécanique, endroit dédié au rock sixties/seventies et au cinéma. Si des films sont projetés sur un écran (sans le son) certains soirs, on se déplace là-bas surtout pour l’ambiance psychédélique à souhait, les prix attractifs de la bière et des cocktails, et la musique sélectionnée par des DJs fans de pop, soul, funk, ou rock garage. On apprécie ici le choix de bières, pour tous les goûts et les portefeuilles. La pinte de ""Chaipakoi"" est à 4 euros, mais on peut préférer la Chouffe ou la Délirium Brune un peu plus chères. On peut aussi dépayser ses papilles avec une Vedette, Gallia, Orval, Westmalle... le choix est large. Tirant son nom du film bien connu de Stanley Kubrick, le bar offrait autrefois l’happy-hour toute la soirée à ceux qui débarquaient déguisés en « droogies », les personnages principaux du film qui arborent une combinaison blanche, un chapeau melon et des docs montantes… Aujourd'hui, l'happy hour est scrupuleusemennt limitée de 18 à 20h mais les prix sont toujours immbattables : le ballon de vin ou de Pastis est à 1,5 € et la pinte à 2,5€. La carte des cocktails classiques est allongée d'une carte créative à 7 € comme l'Ecureuil (pomme fraiche, sirop de pomme, gin, citron, perrier), le Bujito (menthe, chartreuse, citron vert pamplemousse) ou le Marga Caliente (tequila, passion, piment d'Espelette et citron). Aujourd’hui le lieu n’a plus besoin de publicité et croule sous l’affluence des habitués ou des amateurs d’absinthe. Autant venir tôt.";72 bis rue Jean-Pierre Timbaud 11e Paris 75011;null;null;Métro : Parmentier, Oberkampf ou Couronnes;De 18h à 20h.
La Cordonnerie;http://www.timeout.fr/paris/bar/la-cordonnerie;;Il y a quelques années, ce petit rade dans l’ombre des peep-shows et des sex-shops était le refuge des habitants du quartier à la recherche de plaisirs moins charnels, mais plus alcoolisés. Proposant la pinte la moins chère de tout Paris (4 €), des cocktails et des rhums arrangés à prix plancher (4,5€), des bières importées et ses couscous gratos le jeudi et le samedi, cette vieille taverne populaire a commencé à attirer une clientèle jeune en quête de bons plans. La Cordonnerie est aujourd’hui l’adresse incontournable de l’apéro : la terrasse est remplie d’étudiants et d’artys dès la longue happy hour de 17h à 20h (la pinte est à 2,5 euros), puis le bar reste animé jusqu’à 2h par les bavardages des clients et le fond musical soul, rock et reggae.;28 rue Greneta 2e Paris;Mojito à 4,50 euros, pinte à 4 euros;Du lundi au vendredi de 9h30 à 2h, samedi et dimanche de 15h à 2h;Métro : Etienne Marcel ou Réaumur - Sébastopol;De 17h à 20h.
La Belette qui tète;http://www.timeout.fr/paris/bar/la-belette-qui-tete;http://media.timeout.com/images/100618137/617/347/image.jpg;La Belette qui tète a changé de terrier ! Les aficionados de ce bar d'habitués perdu dans les profondeurs du 13e, qui avait tristement célébré sa fermeture l'année dernière, retrouvent leur belette préférée boulevard Arago. Ce joli petit bar est décoré de centaines de bouteilles colorées de vodkas arrangées, l'une des spécialités de la maison. Imaginez un peu : 45 rhums macérés avec des fruits (figue, écorce d'orange, banane, framboise…) et 88 vodkas aux arômes quelquefois un peu extravagants (barbe à papa, macarons, caramel beurre salé, Arlequin...) dont les meutes de jeunes étudiants fidèles à cette adresse sont friandes. Si vous préférez le naturel, les rhums macérés seront meilleurs. Ils sont d'ailleurs un peu plus chers (3,50 euros les 3 cl) que les vodkas (3 euros les 3 cl). Si vous voulez en goûter plusieurs, préférez les shots de 3 cl à ceux de 6 cl, vous tiendrez parallèle au comptoir plus longtemps. Le vrai changement à la nouvelle Belette est dans le concept lui-même. Les boissons proposées sont les mêmes, mais les clients devront commander une planche pour pouvoir consommer, car le bar n'a pas de licence IV. Une idée qui a du sens car rien ne sert de boire le ventre vide – surtout quand on est jeune et qu'on ne tient pas l'alcool –, d’autant que les planches proposées sont attractives. L'assiette de tapas et la demi-planche à composer soi-même sont à 10 euros, le trio de la mer, de terrines ou de saucissons à 13 euros et la planche mixte pantagruélique à 20 euros.  Encore mieux, si vous voulez commander du vin, la Belette propose 10 formules au choix avec demi-planche, planche trio accompagnée de vin au pichet de 25 cl, 50 cl ou à la bouteille, entre 15 et 35 euros, pratique même pour deux personnes. Mais l'animal aime aussi beaucoup le houblon, et sa botte secrète, c'est son choix inespéré de bières : 17 bouteilles, importées principalement de Belgique (Kireg, Chimay, Kwak, Delirium Tremens...), mais aussi des bières à la pression (recette artisanale La Belette, Rebelle, Tripel Karmeliet) et du cidre demi-sec (très fruité). On peut commander toutes les pressions en pichet de 1,5 litre, et au bout de 5 pichets achetés, 1 pichet est offert ! On comprend pourquoi le bar est blindé d'habitués qui ont leur carte de fidélité. Si vous êtes peu nombreux et que vous n'avez pas envie d'en boire plusieurs litres, pendant l'happy hour de 18h à 21h, toutes les pintes à la pression sont au prix du demi, soit entre 3 et 6 euros. Une autre bonne affaire de la Belette, décidément un animal très malin.;17 boulevard Arago 13e Paris;null;Du lundi au samedi de 16h à 2h;Métro : Les Gobelins, Place d'Italie ou Campo-Formio;De 18h à 21h.
Le Teddy's Bar;http://www.timeout.fr/paris/bar/le-teddys-bar;;Vous l’avez sans doute remarqué, les bars font souvent preuve d’instinct grégaire : ils se rassemblent tous au même endroit. C’est le cas dans le quartier de la rue Mouffetard, grouillante d’étudiants sorbonnards, de lycéens, de touristes et de curieux, qui se ruent sur la moindre bière entre deux cours ou en fin de journée. Parmi les nombreux bars qui jonchent la rue et ses environs, on apprécie tout particulièrement le Teddy’s, pour son choix de bières et de cocktails, son happy hour interminable (de 16h à 20h, pinte 3,5 euros, cocktails 4 euros) mais aussi pour son ambiance feutrée et chaleureuse. Il fait bon s’y lover dans les canapés et chatouiller avec son dos les murs recouverts de peau de léopard, tout en sirotant sa bière du mois, que ce soit une bavaroise à fermentation basse, ou une trappiste belge. Pendant ce temps, les étudiantes habituées du lieu cherchent le chat. Il s’appelle René (si, si) et il possède sa propre page Facebook, René Miaou, qui recense 280 amis. René provient du bar d’à côté, le Descartes, mais il a élu domicile au Teddy’s et on sait pourquoi : se faire caresser et dorloter par de jolies filles, difficile de trouver mieux ailleurs. Vous pouvez toujours essayer de lui faire de la concurrence.;3 rue Thouin 5e Paris;null;Du lundi au dimanche de 15h30 à 1h30, jusqu'à 5h vendredi et samedi;Métro : Place Monge ou Cardinal Lemoine;De 16h à 20h.
Connolly's Corner;http://www.timeout.fr/paris/bar/connollys-corner;;C’est le plus ancien pub irlandais de la rive gauche et l’un des trois plus vieux de Paris. Contrairement à beaucoup de ses concurrents un peu fades, le Connolly’s Corner ressemble à s’y méprendre à un authentique rade dublinois. Un bar en angle un peu caché, dans un quartier, la rue Mouffetard, qui compte pléthore de pubs sans âme. Bienheureux ceux qui parviennent à le trouver, car on y boit sur des tonneaux la meilleure Guinness de Paris ou l’un des innombrables excellents whiskys qui ornent l’étagère derrière le comptoir. Peu ou prou de cadres endimanchés ici, juste des habitués ou des étudiants de passage, des connaisseurs aussi, qui savent que l’endroit abrite tournois de fléchettes, concerts et surtout une surprenante collection de cravates ! Car il fut un temps révolu où toute personne se présentant avec une cravate devait symboliquement la couper pour l’offrir au maître des lieux. L'happy hour court de 16h à 20h, ce qui vous laisse largement le temps de goûter plusieurs pintes de Guinness à 5€, histoire de vérifier qu’elles sont bien les meilleures de la ville.;12 rue de Mirbel 5e Paris;null;De 16h à 2h;Métro : Censier - Daubenton;De 16h à 20h.
La Droguerie Moderne;http://www.timeout.fr/paris/bar/la-droguerie-moderne;http://media.timeout.com/images/100615535/617/347/image.jpg;La Droguerie Moderne est un petit rade qui aurait pu choisir un nom plus original (on a déjà la Mercerie pas loin), mais qui se rattrape par sa déco bien particulière. Au-dessus du bar, une lumière tamisée s’échappe par les trous du tambour chromé d’une machine à laver, à l'image de la salle à la déco démentielle : on s’assoit sur des panneaux routiers, des tonneaux industriels, des sièges en caddy. Un bac de douche fait office de table basse, une baignoire de canapé : tout le mobilier est en récup de chantier... chapeau pour les idées !;61 bis rue Jean-Pierre Timbaud 11e Paris;Shots à 3 euros;Du lundi au samedi de 5h à 2h;Métro : Parmentier ou Couronnes;De 18h à 20h.
Le Kitch;http://www.timeout.fr/paris/bar/le-kitch;http://media.timeout.com/images/100479865/617/347/image.jpg;Avec sa devanture bleue pétante et ses joyeuses guirlandes d’ampoules colorées, le Kitch est un bar à cocktails où il fait bon commencer sa soirée. Portrait de caniche au mur, un Bambi qui cotôie une statue de la Liberté rose et un gang de peluches sur l'étagère, la déco kitch très chargée s'accorde avec le nom du lieu. L’espace est étroit, souvent bondé, donc arrivez tôt pour avoir une table et profiter de la longue happy-hour. Et il y a de quoi être joyeux de 17h30 à 21 heures puisque tous les cocktails sont à 5 euros. Entre le mojito généreusement dosé en rhum et menthe fraîche, la spécialité maison, le Shrek (un mix détonnant de menthe, citron et gin) et d'autres cocktails aux noms exotiques, le choix ne manque pas. Une fois la boisson commandée, frayez vous un passage entre les tables en formica et la faune nocturne pour vous poser dans le canapé moelleux de la petite salle du fond. Ou bien restez au comptoir et profitez de l’ambiance chaleureuse sous l’œil (bienveillant ?) du masque de Shrek. Attention, la CB est à partir de 20 euros.;10 rue Oberkampf 11e Paris;Environ 8 euros le cocktail, 5 euros pendant l'happy-hour;Du lundi au vendredi de 17h30 à 2h;Métro : Filles du Calvaire ou Oberkampf;De 17h à 21h.
Le Piment Café;http://www.timeout.fr/paris/bar/le-piment-cafe;http://media.timeout.com/images/100614743/617/347/image.jpg;Voici une adresse que l'on aimerait garder secrète. Ce micro-bar en plein Marais est devenu la deuxième maison des initiés qui le fréquentent. Ne pensez pas trouver des rhums arrangés au piment ou au tabasco, ici on vient pour commander des pichets de ti-punch de 50cl à 23 euros qui peuvent contenter un régiment, et pour profiter de sa généreuse happy hour. De 18h à 21h, la pinte de Melbrau est à 3,50 euros, la blanche à 4 euros et la Guinness à 4,50 euros. En plus, les serveuses sont sympas et souriantes. Le minuscule comptoir fait face à quelques ordinateurs à louer (1 euro les 30 minutes), pratique pour les touristes ou ceux qui n'ont toujours pas de smartphone et ont un besoin urgent de checker leurs mails. Le bar ne compte que deux petites salles logées entre d'épais murs en pierre apparente. Il est donc vite blindé dès l'apéro : arrivez tôt pour espérer avoir une table, elles sont rares. La clientèle est bien habillée mais pas d'ambiance m'a-tu-vu ici, le Piment Café reste un petit bar sans prétention et c'est pour ça qu'on l'aime.;15 rue de Sévigné 4e Paris;null;Tous les jours de 15h à 2h;Métro : Saint-Paul;De 18h à 21h.
Le Crocodile;http://www.timeout.fr/paris/bar/le-crocodile;http://media.timeout.com/images/100615563/617/347/image.jpg;Préparez-vous à hésiter au moment de commander votre cocktail : la carte en propose près de 350 différents, tous plus déconcertants les uns que les autres : Galéjade, Tartempion, Va nu pied, Traîne-savate, Rond de cuir… de quoi expérimenter des potions inédites, mais qui peuvent s'avérer décevantes aussi, c'est un peu la loterie... demandez à être conseillé. L’interminable happy hour de 18h à 23h est le meilleur moment pour en tester quelques-uns à 6 euros, jusqu'à 22h le week-end. Dans cette taverne exiguë on aime bien les vieilles affiches, les tables qui collent et tant pis si on n'est pas très bien installé. Si une place se libère (le bar est minuscule et toujours bondé), il faut jouer des coudes avec son voisin, souvent un étudiant de la Sorbonne voisine ou un touriste égaré, pour récupérer son verre. La musique est si forte qu'elle vous oblige à hurler dans l'oreille de votre voisin. L'ambiance est très jeune et très alcoolisée, très « 5e arrondissement » diront les Parisiens ! Bref, si vous avez passer l'âge de picoler pour le geste, vous vous sentirez de trop.;6 rue Royer-Collard 5e Paris;null;null;Métro : Place Monge;De 18h à 23h.
Marlusse et Lapin;http://www.timeout.fr/paris/bar/marlusse-et-lapin;http://media.timeout.com/images/100022667/617/347/image.jpg;"A deux pas des sex shops de Pigalle et des bars à touristes de Montmartre, Marlusse et Lapin est un ovni. C’est plus extactement le surnom des deux barmaids qui tiennent ce petit bar totalement déjanté rue Germain Pilon. Ils rigolent tout le temps, avec les vieilles figures montmartroises qui viennent ici jacter avec les habitués du coin. Le comptoir est microscopique, le couloir et ses petits tabourets totalement infocortables, mais dans la salle de derrière, on découvre une surprise de taille : la chambre de mémé. Avec ce papier peint fleuri sans âge, des photos en noir et blanc d’arrières-grandes-tantes et oncles qui n’ont pas l’air de plaisanter, un lit ancien transformé en double banquette, un vieux téléphone de l’époque du 22 à Asnières, une machine à coudre et une armoire normande. On s’attend presque à voir débouler mamie en chemise de nuit.  Ici les fermetures sont ultra festives, arrosées d’absinthe et de shooters fous qui vous donneront envie de revenir très vite, surtout au prix des consos, pour discuter avec cette faune locale. Néanmoins, évitez les heures de grande affluence si vous imaginez trouver une table car elles sont plus que rares, et même la place au comptoir n'est pas toujours garantie. Surtout sur la fin de l'happy hour qui s'éternise de 16h à 20h, car la pinte est à 3 euros. Sachez enfin que la maison a des bottes secrètes : elle sert de la Chouffe, et un petit plaisir de shot enflammé baptisé ""La Route du Paradis"", à découvrir sur place.";14 rue Germain Pilon 18e Paris;Bières à 2,80 euros;Tous les jours de 16h à 2h;Métro : Abbesses ou Pigalle;De 16h à 20h.
Le Café du Commerce;http://www.timeout.fr/paris/bar/le-cafe-du-commerce;http://media.timeout.com/images/100605053/617/347/image.jpg;Le Café du Commerce a gardé son nom de bar PMU, avant sa métamorphose en 2011. Quelques cloisons abattues, des murs massifs en pierre de taille faussement décrépits, et voici cet espace aux dimensions bluffantes, où trône un joli comptoir de caractère. Au fond de la pièce, des banquettes confortables, dont une joliment arrondie. Aux murs, un joli décor de fresques naïves de Montmartre et du Moulin Rouge d'origine, des néons roses qui donnent bonne mine en soirée, et quelques gadgets vintage comme un encombrant poste de radio TSF et un téléphone à l'ancienne. La journée, les habitués prennent leur temps pour boire leur petit noir, feuilleter le journal, vieux comme jeunes, bobos comme prolos. La formule du midi est abordable, variée et très bonne, un vrai bon plan. La carte classique, avec salades et burgers à prix plancher (10 €) est très appréciable aussi. Dès les premiers rayons de soleil, on profite de la lumière derrière les grandes baies vitrées, et de la terrasse surélevée sur le trottoir. Les prix sont raisonnables même s'ils restent supérieurs à ceux pratiqués dans le quartier (demi 3 €, cocktails 7 €). Le vin est un peu cher (4,60 € le verre), préférez un pichet de 50 cl à 17 €. Le soir, le bar est pris d'assaut pendant l'happy hour de 18h à 22h (pinte à partir de 3,60 €, cocktails à 5,60 €), puis jusqu'à la fermeture. La formule pinte de Kro et frites à 7 € est un gros succès, idem pour les assiettes de tapas à 9 € (samossa, bric de chèvre, polenta au brocoli et croustillant de courgettes). Idem le week-end : difficile de trouver une place assise après 21h, lorsque des DJ poussent le son et font monter la température. Le jeudi de petits groupes viennent y jouer en live, le dimanche c'est soirée brésilienne. Vous êtes prévenus ! •••••••••••••••••••••••••••••••••••••••••••••••••••••••••••••••••••••••••••••••••••••••••••••••••••••••••••••••••••••••••••• Pour découvrir tous les bars référencés par Time Out Paris cliquez ici. •••••••••••••••••••••••••••••••••••••••••••••••••••••••••••••••••••••••••••••••••••••••••••••••••••••••••••••••••••••••••••• Pour voir tous nos dossiers bars, cliquez ici ••••••••••••••••••••••••••••••••••••••••••••••••••••••••••••••••••••••••••••••••••••••••••••••••••••••••••••••••••••••••••••  ;13 rue de Clignancourt 18e Paris;A partir de 10 euros le plat, bières à 3 euros, cocktails à 7 euros;Tous les jours de 12h à 15h et de 19h à minuit.;Métro : Barbès - Rochechouart ou Abbesses;De 18h à 22h.
Charlie Birdy - Boétie;http://www.timeout.fr/paris/bar/charlie-birdy-boetie;;Charlie Birdy ne fait pas référence à Charlie Parker mais au nom du perroquet de Winston Churchill, étonnant non ? A deux pas des Champs-Elysées, ce vaste pub entre loft new-yorkais et club colonial pour gentlemen anglais attire beaucoup de touristes étrangers et finalement peu de Parisiens, à part lorsqu'ils sont en virée nocturne dans les clubs du quartier, car ce bar ferme à 5h tous les jours. On s'installe dans de confortables canapés Chesterfield pour assister à des concerts de jazz, blues, folk et funk ou suivre des matchs de foot et de rugby sur écrans géants. Le Charlie Birdy pratique des prix raisonnables pour le quartier, même si le demi reste cher (4,5€ le demi d'Amstel), sauf pendant l'happy hour : il est à moitié prix, tout comme les cocktails. A côté des Champs-Elysées c'est un petit miracle : tous les cocktails à la carte sont entre 4,20 et 5,5 € de 16 à 20h, du lundi au vendredi. Vous pouvez vous laisser tenter par le Mango Mojito (rhum, ananas, mangue, citron vert, menthe et perrier), une Piscine Mandarine (liqueur de Mandarine, blanc de blanc pétillant) ou un cocktail plus classique (Cosmopolitan, Margarita, Pina Colada...) A la carte, l’indétrônable burger est une valeur sûre : moelleux à souhait, gigantesque et servi avec de bonnes frites. En revanche, pour l’authenticité des fajitas et tapas, il faudra repasser. Améliorez votre anglais en compagnie des expats et des touristes. Si vous êtes pressés, repassez un autre jour car le service peut être lent. Le Charlie Birdy est aussi réputé pour son brunch musical gospel et soul à 19 €, assez copieux mais pas très raffiné. Avec cette formule « à l'américaine », on vous sert une boisson chaude, un jus de fruits, des mini-viennoiseries, pain, beurre, confiture, suivis d'un plat au choix : « potatoes burger » avec des galettes de pommes de terre, œufs brouillés, bacon, ou bagel saumon au cream cheese ou salade caesar. Puis un dessert pas folichon : cheesecake, pancake, moelleux au chocolat ou – plus original – un minestrone aux fruits frais. Deux autres adresses de cette enseigne existent à Paris : Charlie Birdy Montparnasse et Charlie Birdy Commerce, qui ferment à 2h en semaine mais à 5h le week-end.;124 rue de la Boétie 8e Paris;Bières à partir de 4 euros, cocktails entre 9,50 et 11,50 euros, plats entre 13 et 20 euros, brunch à 19 euros;Tous les jours de midi à 5h;Métro : Franklin Roosevelt, George V ou Saint-Phillipe-du-Roule;De 16h à 20h.
Andy Wahloo;http://www.timeout.fr/paris/bar/andy-wahloo;http://media.timeout.com/images/100598419/617/347/image.jpg;Andy Wahloo est un petit bar trendy en clin d’œil au roi du pop art, Andy Warhol, version bled marocain (« wahloo » voulant dire « je n'ai rien » en arabe). Aménagé dans un bel hôtel particulier du Marais par les frères Mazouz, tout comme les restaurants voisins gastronomiques et branchés Le Derrière et le 404, ce bar alterne mobilier oriental design et produits de consommation de la ménagère marocaine des 70’s, sublimés en déco kitsch : pots de peinture en guise de pouf, paquet de lessive en vitrine murale... On profite de la cour arborée très agréable en journée pour prendre le thé à la menthe sur des tapis, au calme, et on grignote pour 11 ou 12 € des tartines ou des crêpes roulées à la mode orientale, comme la melaoui viande, à l'agneau, ricotta, basilic, tomates confites et oignons, un régal.;69 rue des Gravilliers 3e Paris;Bières à 5 euros, cocktails de 10 à 12 euros;Du mardi au samedi de 18h à 2h;Métro : Réaumur - Sébastopol ou Arts et Métiers;De 18h à 20h.
Le Brébant;http://www.timeout.fr/paris/bar/le-brebant;http://media.timeout.com/images/100617895/617/347/image.jpg;Sur les Grands Boulevards, le Brébant allie le faste des brasseries parisiennes d’antan à une déco design post-industrielle de bar moderne réussie. C'est une institution sur les Grands Boulevards, car il est ouvert 24h/24, 7j/7, et attire tous les clubbeurs, touristes, aficionados du quartier à toute heure du jour et de la nuit. Sous des plafonds immenses, une fourmilière de serveurs en tenue de limonadier parisien s'active dans les grandes salles et derrière un grand zinc cuivré rutilant. Il est surmonté par une statue dorée et de gigantesques miroirs rococo, éclairés par une forêt d’ampoules suspendues à de multiples conduits d’aluminium. La nuit tombée, le visiteur a l’impression de discuter sous un ciel étoilé. Sa position stratégique lui permet d’étaler une vaste et agréable terrasse très prisée, car elle est chauffée en hiver et équipée de brumisateurs en été. ;32 boulevard Poissonnière 9e Paris;null;Tous les jours de 8h à 5h;Métro : Grands Boulevards;De 18h à 20h.
Au Clair de Lune;http://www.timeout.fr/paris/bar/au-clair-de-lune;;Entre Château Rouge et Montmartre, au pied de la butte, le Clair de Lune est un bar sans prétention, toujours très animé en soirée, où les habitants du quartier aiment se retrouver à l'heure de l'apéro pour papoter. On profite de la longue happy hour de 18h à 22h, pendant laquelle on sirote des pintes de Stella à 3,5 €, des pintes de Leffe, de bière blanche à 4,70 € ou des cocktails à 5 €. Quelques vieilles affiches d’époque ont échappé à la rénovation du lieu il y a quelques années, tandis que les poufs orange et les tables seventies sont toujours là. On aime le néon rose au-dessus du comptoir à l’ancienne donne bonne mine,  les serveurs adorables qui connaissent tout le monde, la clientèle de bobos et de vieux habitués et les prix plancher. Dans ce coin de la salle, des petits groupes se produisent de temps en temps. Devant, une véranda donnant sur la rue propose des tables hautes et devient un coin fumeur en été, quand elle est entièrement ouverte. Les soirs de match, un écran attire une foule plus masculine qu’à l’ordinaire. Quand les télés sont éteintes, la programmation musicale funk/soul/reggae est vitaminée. ;1 rue Ramey 18e Paris;Bières à 2,50 euros;Tous les jours de 8h à 2h;Métro : Château Rouge;De 18h à 22h.
The Bottle Shop;http://www.timeout.fr/paris/bar/the-bottle-shop;;Ce repaire d’Anglo-Saxons un peu à l’écart de Bastille a le mérite de proposer cinq bières à la pression et une dizaine de bières en bouteille triées sur le volet. Dans ce petit bar intimiste à l’ambiance feutrée, on papote gentiment et on fait connaissance avec ses voisins de comptoir, au-dessus desquels des pochettes de 45 tours de chanteurs français d'une autre époque sont accrochées. On peut tremper ses lèvres dans une savoureuse Edelweiss ou une Kilkenny pression, ou hésiter entre la Pilsner, la Red Stripe ou la Franziskaner en bouteille. Les divins breuvages ne sont pas donnés, mais la rareté et la qualité se payent (4 euros le demi, de 4 à 7 euros les bières en bouteille) et les pintes restent très avantageuses (6,60 euros le verre). Le Bottle Shop propose aussi une trentaine de cocktails classiques entre 7 et 8 euros (on recommande l’excellent et « so british » Bloody Mary). L'happy hour de 17h à 20h est le moment idéal pour les tester : les pintes et les cocktails sont au prix syndical de 4,80 euros.;5 rue Trousseau 11e Paris;4 euros le demi;Tous les jours de 15h à 2h;Métro : Ledru-Rollin ou Faidherbe - Chaligny;De 17h à 20h.
Le Cri du glaçon;http://www.timeout.fr/paris/bar/le-cri-du-glacon;http://media.timeout.com/images/100615635/617/347/image.jpg;"Tendez l'oreille... vous l'entendez ? Le cri du glaçon bien sûr ! On aime bien entendre craquer la glace dans son verre quand il fait bien chaud. En attendant l'été, vous pouvez faire un tour dans ce nouveau bar ouvert il y a quelques semaines dans la rue Jean-Pierre Timbaud , qui pour son lancement propose une happy hour des plus attractives. De 17h30 à 20h30, pour 4 euros, vous avez le choix entre une caïpiroska nature, avec des fraises ou des framboises fraîches, une coupe de champagne ou un ti-punch. De quoi vous sentir riche toute la soirée. La caïpi fraise était franchement bonne, on a mangé les petits fruits qui restaient au milieu des glaçons agonisants, au top. L'ambiance est parfaite pour se mettre en jambe avant de sortir en club : un bar ni trop grand ni trop petit, une bonne musique électro assez forte pour pouvoir danser devant le magnifique comptoir et de jolis abat-jour colorés invitant à se dandiner avec son verre. Les plus calmes iront se poser aux quelques tables collées à un mur en brique apparente. La carte du bar ne se limite pas à trois boissons, bien au contraire : le choix est tellement vaste qu'il faudra revenir plusieurs fois pour prendre ses marques. Les cocktails maison, concoctés avec des alcools de qualité, sont au prix plancher de 9 euros, les cocktails classiques revisités à 8 euros, et la carte en propose dix de chaque. Des compositions assez osées, comme le Killing Kenny, qu'on a envie de commander juste pour son nom (téquila Olméca Gold, liqueur de sureau Saint-Germain, liqueur de framboise, céleri, bitter et vin pétillant), ou le Toreador Ginger Fizz (Pisco, liqueur d'abricot, sirop de vanille, blanc d'œuf, jus de citrons vert et jaune, ginger beer et spray d'absinthe). D'autres cocktails twistés comme le Perfect Manhattan (rye, sweet ou dry Vermouth, twist citron vert) pourront aussi vous tenter. Si vous n'êtes pas très cocktails, le Cri du glaçon a d'autres bouteilles derrière le comptoir, notamment des whiskies, rhums, téquilas, vodkas, gins ou digestifs premium à goûter (entre 7 et 12 euros). Mais aussi des bières à la pression originales  comme la Robus et la Licorne qui viennent d'Alsace, de la bière trappiste Abbaye de Florette et même de la Kriek cerise. En bière bouteille, la liste est très longue : Chouffe, Rince Cochon, Guinness, Kirin, Delirium, Page 24, Pietra, Duval... . Le Cri du glaçon mise donc sur sa carte de cocktails, d'alcools premiums et de bières importées pour se distinguer des autres bars du quartier, plutôt « à l'ancienne » avec de la bière de base et des cocktails classiques ; un renouveau qui pourrait bien faire des émules dans ce bastion de la nuit parisienne. D'ailleurs, un autre bar à cocktails vient tout juste d'ouvrir dans le coin, Joséphine caves parisiennes, qui mise lui aussi sur la qualité de ses produits. ••••••••••••••••••••••••••••••••••••••••••••••••••••••••••••••••••••••••••••••••••••••••••••••••••••••••••• Pour découvrir d'autres bars référencés par Time Out Paris cliquez ici. •••••••••••••••••••••••••••••••••••••••••••••••••••••••••••••••••••••••••••••••••••••••••••••••••••••••••••• Pour voir la liste complète des 100 meilleurs bars sélectionnés par Time Out Paris cliquez ici. ••••••••••••••••••••••••••••••••••••••••••••••••••••••••••••••••••••••••••••••••••••••••••••••••••••••••••••• ";74 rue Jean-Pierre Timbaud 11e Paris;cocktails à 8 ou 9 €, 4 € en happy hour, pressions à 3 et 4 euros;Tous les jours de 18h à 2h;Métro : Parmentier, Ménilmontant ou Oberkampf;De 17h30 à 20h30.
La Folie en Tête;http://www.timeout.fr/paris/bar/la-folie-en-tete;http://media.timeout.com/images/100615545/617/347/image.jpg;La Folie en Tête est un bar agréablement situé sur une petite placette sur les hauteurs de la Butte aux Cailles, branché musique du monde. On a envie d'essayer tous les instruments de musique accrochés aux murs, amassés aux quatre coins du globe avant d'être exposés ici. Son ambiance décontractée, ses verres pas chers, sa musique world, rock et jazz agréable et la gentillesse des serveurs attirent des habitués du quartier à toute heure. L’après-midi on s’y sent comme chez soi, tant l'endroit est paisible pour feuiller son journal ou jouer à des jeux de société à disposition. Le soir le volume monte à l'heure de la longue happy hour (17h-20h), on en profite pour boire des pintes au prix du demi, ou goûter des rhums arrangés, le ti-punch maison (sirop de coco, gingembre, bissap-fleur d'oranger-tamarin) ou la caïpi-fresh (caïpiroska aux fruits frais : kiwi, fraise ou framboise) à 5 euros. On peut quelquefois assister à des concerts mais ce bar est assez petit. Concert ou pas, on a vite chaud et le soir, trouver une place assise relève du miracle.;33 rue de la Butte aux Cailles 13e Paris;Bières à 3 euros, cocktails à partir de 6 euros;Du lundi au samedi de 19h à 2h, dimanche de 17h à minuit;Métro : Corvisart ou Tolbiac;De 17h à 20h.
Café Chéri(e);http://www.timeout.fr/paris/bar/cafe-cheri-e;http://media.timeout.com/images/100615581/617/347/image.jpg;Qui ne connaît pas le Café Chéri(e) ? Avec son bar qui colle au coude et ses soirées mémorables passées sous l'aisselle de son voisin à danser, ce bar aux néons rouges est une institution à Belleville. Pas de hype déplacée ici, ça sent la bière et la population est bigarrée : bobos trentenaires, jeunes branchés de l'école d'architecture voisine et vieux loups du quartier s'accrochent au zinc ensemble. On s'y alcoolise de bonne guerre tous les soirs, mais particulièrement pendant l'happy hour de 17h à 20h (les pintes sont à 3,5 euros) et les jeudis, vendredis et samedis, de 22h à 2h, quand un DJ vient faire monter la température avec des sets électro, rock, hip-hop, funk, indé.... Le public n'est pas très difficile, ici on danse sur tout en se tortillant contre le poteau décoré de miroirs brisés au milieu de la pièce, mais en général le son est bon, assez pointu. Passé 22h, l’endroit ne désemplit pas et il faut laisser son manteau à l'intérieur pour ne pas se faire coincer dehors (technique bien rodée) par un videur bien obligé de limiter les entrées.  Le grand atout du Café Chéri(e) reste sa vaste terrasse sur le trottoir, bondée en été du matin au soir.  Le matin, on vient s'enfiler un petit noir en regardant les passants, l'après-midi, les chaises rouges passent en plein soleil, on peut feuilleter tranquillement son journal en bronzant. A l'étage, ne manquez pas les petites expos et les vide-greniers temporaires. •••••••••••••••••••••••••••••••••••••••••••••••••••••••••••••••••••••••••••••••••••••••••••••••••••••••••••;44 boulevard de la Villette 19e Paris;Entrée libre. Boissons entre 3 et 7 euros;Tous les jours de midi à 2h;Métro : Belleville;De 17h à 20h.
Le Lèche Vin;http://www.timeout.fr/paris/bar/le-leche-vin;;Le Lèche Vin est un bistrot parisien typique qui est vite devenu un lieu de pèlerinage pour ses habitués. Ce n’est pas parce que les murs sont couverts d’images pieuses mais parce qu’il y règne une ambiance agréable et conviviale de « bistrot de papa ». La longue happy hour propose des pintes à 3,8 euros et des cocktails à 6 euros de 16h à 22h. Ici, pas de chorale mais des sons groove, jazz et hip hop pour animer les soirées qui ne finissent pas toujours de manière très catholique. D’ailleurs, il suffit de visiter le coin toilettes — pas de première jeunesse — pour comprendre que l’esprit bigot ne préside pas dans tout le bar. En effet, un décor surprise d’une toute autre nature vous y attend (un conseil pour les âmes sensibles : retenez-vous !)...;13 rue Daval 11e Paris;Prix d'un demi : 2,80 euros;De 18h30 à 2h. Fermé le dimanche;Métro : Bastille;De 16h à 22h.
Le Red House;http://www.timeout.fr/paris/bar/le-red-house-1;http://media.timeout.com/images/100605991/617/347/image.jpg;Bienvenue au Far West ! Le Red House, avec son magistral squelette de tête de taureau qui trône au dessus du bar, a des airs de saloon texan, sauf qu'il est en plein Bastille. Les gringos qui le fréquentent ne sont ni très branchés, ni des garçons-vachers : la foule est bigarrée, jeune, remuante, braillarde et festive. Il faut dire que tous les jours ou presque, un DJ s'occupe de pousser le volume de la musique, bien sentie quelque soit le style : rock, presque punk, funk, électro... les soirées ne se ressemblent pas. Et le bar ne désemplit pas, surtout le week-end, à l'heure de pointe atteindre le zinc est alors un véritable chemin de croix. Heureusement, l'endroit est vaste, articulé autour de deux salles aux poutres apparentes et murs en pierre, qui communiquent mais ont chacune un comptoir, pratique pour faire une percée dans la foule et arriver au Saint Graal : les tireuses... Là où la bière coule à flots. L'atout indéniable du Red House, c'est son happy hour qui s'étire de 17h à 20h : la pinte est à 5 euros et les cocktails maison, préparés avec des alcools rares, à 6 euros. Certains sont un peu trop sucrés mais d'autres sont délicieux, on tire notre Stetson au Wild West Side (téquila, piment, concombre et lime). On peut aussi goûter un Dr Funk#3 (rhum épicé, rhum brun, falernum, lime, bitters, absinthe et grenadine) ou un Red House Flambeau (bourbon, brandy à l'abricot, sirop épicé, citron, gingembre). Jetez également un oeil à la carte des cocktails saisonniers un peu fous, avec cet hiver par exemple, le Fucking Legend (vida Mescal, Chartreuse Jaune, falernum d'hiver, lime et menthe). ;1 bis, rue de la Forge Royale 12e Paris;Demi à 3 euros;Tous les jours de 17h à 2h;Métro : Ledru Rollin, Bastille, Faidherbe- Chaligny;De 17h à 20h.
Le Mo'Town;http://www.timeout.fr/paris/bar/le-motown;http://media.timeout.com/images/100614695/617/347/image.jpg;Tous les nouveaux bars ne sont pas sophistiqués ou branchés, et c'est tant mieux. Le Mo'Town, ouvert fin 2012 par Karim, un patron très jovial toujours prêt à papoter avec ses premiers habitués, est un troquet sans prétention. Des pochettes de vieux vinyles recouvrent tout un coin de la première salle : Brassens et Brel côtoient Aretha Franklin et Marvin Gaye... Un thème vintage qui colle au fond musical, funk, soul et chanson française. On remarque aussi les chaises colorées, et une déco un peu carton-pâte mais très gaie composée d'un grand portique en bois, d'une horloge de gare et les murs en brique apparente. Dans la salle du fond s'isolent ceux qui cherchent la tranquillité pour surfer sur Internet (le wifi est gratuit). Le point fort du lieu : sa grande terrasse bâchée et chauffée, très ensoleillée en été. Au Mo'town, on peut s'asseoir avec ses potes sans lutter pour atteindre le comptoir et les prix sont imbattables. Pendant l'interminable happy hour, de 16h à 22h, la pinte de Jupiler basique est à 3,50 euros, tandis que d'autres pressions vous coûteront 5 euros : la bière allemande Beck's, la blanche Hoegaarden, la Leffe classique et la Leffe rubis aromatisée aux fruits rouges. Les verres de vin (14 cl) méritent également un franc lever de coude : le ballon de rouge côtes du Rhône village, Saint-Emilion ou un bon blanc, bourgogne aligoté ou Sylvaner sont à 3 euros en happy hour. Les copieuses planches de charcuterie et de fromage ne sont pas exceptionnelles mais elles dépannent bien à l'heure de l'apéro (et à 8 euros pièce, on en redemande). Le week-end, des concerts ont lieu le soir, et le dimanche Karim propose une jam de jazz, avis aux amateurs ! ;116 boulevard de Ménilmontant 20e Paris;null;Tous les jours de 10h à 2h;Métro : Ménilmontant ou Couronnes;De 17h à 22h.
Delaville Café;http://www.timeout.fr/paris/bar/delaville-cafe;;Le Delaville Café est immanquable sur les Grands Boulevards lorsqu'il déploie au printemps sa vaste terrasse ensoleillée équipée de brumisateurs. L’endroit est fréquenté par la hype parisienne, fils de pubs, designers, journalistes et « wannabe fashion » qui donnent le ton de l'ambiance, un peu guindée, comme dans tous les bars du coin. La déco arty des multiples salles de ce vaste lieu accueillant est un mélange confus de dorures rococo anciennes et de mobilier post-industriel baroque. Mais quel passé pouvait réconcilier marbre ancien et acier trempé ? Le magnifique Delaville Café était un bordel napoléonien au XIXe siècle, puis un haut-lieu de la gastronomie à la Belle Epoque au tournant du siècle dernier, avant d’être transformé en resto chinois et finalement en café-resto branché. De son faste d’antan, on peut encore admirer l’escalier en marbre et en fer forgé, les colonnades, les plafonds de bois sculptés et les mosaïques dorées du comptoir, très élégantes. Aujourd'hui, sa haute verrière entre la salle et la terrasse est impressionnante, toute lumineuse même en hiver. La salle du fond surprend par sa décadence toute londonienne : banquettes en skaï rouge disco, animaux empaillés et écrans plasma meublent l'espace. Côté restaurant, si la carte cuisine du monde est appétissante et originale (par exemple : poulet aux accents de mangue, curcuma et citronnelle), on est un peu déçu par la saveur des assiettes et par la teneur en sel de la note. Venez-y plutôt pour boire un verre que pour déjeuner ou dîner. Le tiramisu au Nutella est néanmoins excellent. Des sets électro lounge sont mixés par des DJs pas trop bruyants le week-end. Wifi gratuit. Le meilleur moment pour profiter du Delaville Café est sa longue happy hour de 16h à 20h, pendant laquelle la pinte est à 5€, le double mojito ou double caïpi à 8 € et la coupe de champagne à 6€. Oui, ça reste cher, mais pour le standing du bar et du quartier c'est inespéré.;34 boulevard de Bonne Nouvelle 10e Paris;Plats de 13 à 24 euros, brunch le dimanche à 23 euros;Tous les jours de 11h à 2h.;Métro : Bonne Nouvelle;De 16h à 20h.
Le Carillon;http://www.timeout.fr/paris/bar/le-carillon;http://media.timeout.com/images/100615629/617/347/image.jpg;Ni trop bobo, ni trop hipster, ni trop PMU-Rapido, le Carillon est un petit bar de quartier comme on les aime, qui sert des demis à prix réglo et a le charme désuet des anciens troquets. On aime ses boiseries apparentes, son carrelage en mosaïque, ses tables simples et dans le fond quelques canapés de récup’ déglingués mais confortables. Ici les serveurs, gentils et efficaces, ne chipotent pas pour quelques minutes dépassées à la fin de l’happy hour. Pendant ces deux heures bénies (de 18h et 20h), le mojito et la caïpi passent de 6,50 euros au prix imbattable de 4 euros, et la pinte d’Amstel à 3 euros. Si vous arrivez trop tard, consolez-vous avec le rhum arrangé maison à 4,50 euros toute la soirée. Pour les petits creux, on ne pourra que vous recommander la planche de jambon cru espagnol pata negra, à 10 euros, qui s’accompagne très bien d’un verre de Brouilly, Gamay ou Bordeaux à l’ardoise (tous les verres coûtent entre 3 et 4 euros). Le Carillon est très paisible en journée, bercé par le jazz à la papa de TSF Jazz qui passe en fond sonore, bien agréable pour bosser en wifi sur son ordi. En été, sa terrasse ensoleillée se remplit massivement à l’arrivée des apéroteurs, qui le plus souvent ont réservé une table dans l’un des deux restos d’en face, le Petit Cambodge ou la pizzeria Maria Luisa. Certains soirs, des petits concerts de jazz acoustique au fond du bar attirent encore plus de monde que d'habitude, particulièrement le week-end. Il faudra alors squatter le comptoir ou le trottoir avec son verre, à moins d’arriver tôt pour avoir une table. ••••••••••••••••••••••••••••••••••••••••••••••••••••••••••••••••••••••••••••••••••••••••••••••••••••••••••• Pour découvrir d'autres bars référencés par Time Out Paris cliquez ici. •••••••••••••••••••••••••••••••••••••••••••••••••••••••••••••••••••••••••••••••••••••••••••••••••••••••••••• Pour voir la liste complète des 100 meilleurs bars sélectionnés par Time Out Paris cliquez ici. •••••••••••••••••••••••••••••••••••••••••••••••••••••••••••••••••••••••••••••••••••••••••••••••••••••••••••••;18 rue Alibert 10e Paris;2,50 euros le demi;Tous les jours de 7h à 2h;Métro : Goncourt, Belleville ou Colonel Fabien;De 18h à 20h.
Le Cyrano;http://www.timeout.fr/paris/bar/le-cyrano;http://media.timeout.com/images/100016415/617/347/image.jpg;Plutôt difficile de trouver un rade sympa place Clichy. Pourtant, dans une petite rue à deux pas du métro se cache un minuscule bar, bistrot d’époque qui au XIXe s’appelait les Porcherons, et dont la déco est intacte depuis 1914 ! On ne se lasse pas de contempler les hauts plafonds, les vitraux en mosaïque, son beau miroir ovale derrière le zinc, les peintures d’artistes du coin exposées là depuis mille ans… Même la clientèle est un spectacle, un mélange de bobos, de comédiens et chanteurs jouant à l'Européen voisin, et de personnages excentriques, punks, hurluberlus, alcooliques, travestis qui font des va-et-vient la journée entre leur travail, leur chez eux et leur quartier général. Des excentriques, le Cyrano en a connu à toutes les époques, puisque c’est ici que se tenaient au début du XXe siècle les séances des surréalistes, sous la présidence d’André Breton, avec Aragon, Man Ray, René Crevel, Max Ernst, Dali, un vrai paradis pour artistes. Dans cet antre, on peut boire un rhum arrangé choisi dans une petite collection, un bon verre de vin et grignoter des tartines et des tapas à l’heure de l’apéro. On profite d'une double happy hour, ceux qui sortent tôt profiteront de la première de 18h à 19h, les autres celle de 22h à 23h. On est deux fois plus heureux ! Seul défaut du Cyrano, mis à part ses toilettes insalubres : le manque de place assise.;3 rue Biot 17e Paris;Bières à 2,50 euros;Du lundi au vendredi de 8h30 à 2h, le samedi de 16h à 2h et le dimanche de 16 à minuit.;Métro : Place de Clichy;De 18h à 19h, et de 22h à 23h.
Le Nul Bar Ailleurs;http://www.timeout.fr/paris/bar/le-nul-bar-ailleurs;http://media.timeout.com/images/100527007/617/347/image.jpg;Ce petit bar caché dans une rue près de Bastille, juste en face du Troll Café, est la seconde maison des habitués du quartier qui mettent une ambiance festive inhabituelle dans ce lieu. L'happy hour de 17h à 21h y est sûrement pour beaucoup. Surtout le week-end, car la cave s’anime et se transforme en dancefloor. Dans ce micro-bar, tout le monde se parle, tout le monde danse, les patrons sont jeunes et encouragent les fêtards à se lâcher. La déco un peu déglinguée est surprenante : au fond, un piano décoratif est suspendu au mur et des trombones font office d’abats-jour. Les consos sont abordables et les cocktails un bon deal : 6 euros le simple ou 10 euros le double. De 18 à 21h, le double est au prix du simple et l’ambiance est particulièrement festive. Une bonne adresse à connaître pour changer des bars qui brassent du touriste rue de Lappe.;18 rue de Cotte 12e Paris;6 euros le cocktail;Du mardi au samedi de 17h à 2h;Métro : Faidherbe - Chaligny ou Ledru-Rollin;De 18h à 21h.
La Maison;http://www.timeout.fr/paris/bar/la-maison;http://media.timeout.com/images/100614719/617/347/image.jpg;Chez Gudule n'est plus, bienvenue à La Maison ! Place à un lieu moins cher, qui mise sur une carte de brasserie à la bonne franquette pour devenir un bar convivial et une cantine abordable. On aime ce lieu de caractère, très lumineux et agréable avec ses grandes portes vitrées en bois sculpté, ouvertes sur la rue en été. Un spot idéal pour feuilleter son journal en buvant son café. Le patron Kamel, également celui de La Gouttière pas très loin, aime la simplicité. Pas de concept particuliers, mais des cocktails à 6,50 euros franchement bons et bien dosés, qui baissent à 5 euros pendant la longue happy hour de 17h à 21h (pour les mojitos et caïpirinhas). On peut aussi opter pour la pinte économique à 4 euros, ou le pastis à 2 euros. Pour éponger tout ça, l'assiette de frites maison vous coûtera 3 euros, c'est réglo. A la Maison, on mange midi et soir une cuisine de brasserie, des plats sans prétention. Le burger accompagné de frites maison (11 euros) est correct, mais à ce prix préférez le tournedos de canard laqué au caramel de framboise (n'hésitez pas à le demander rosé car il peut arriver trop saignant). A midi, les plats proposés commencent à 10,50 euros (comme les brochettes de volaille tandoori aux tagliatelles), un bon compromis pour avaler un vrai repas chaud avec ses collègues sans claquer inutilement. Les vins au pichet sont abordables (15 euros le pichet de 50cl en moyenne).;65 boulevard de la Villette 19e Paris;null;Du lundi au samedi de 7h30 à 2h, dimanche de 9h à 20h;Métro : Colonel Fabien;De 17h à 21h.
Chez Camille;http://www.timeout.fr/paris/bars/chez-camille;;Voilà un bar haut perché sur la face nord de Montmartre qui pourrait devenir votre nouveau QG si vous habitez vers Abbesses. Encore faut-il aller le trouver, à l’écart de la place de l’église, dans la montée qui mène à la place du Tertre au pied d’une petite place plantée de vieux arbres. On se croirait dans un village tant les voitures qui y passent sont rares et l’ambiance relaxante. L’ancienne tenancière Madame Camille a cédé la place à une équipe de jeunes sympas toujours de bonne humeur.;8 rue Ravignan 18e Paris;Pinte de bière à 5,30 euros;null;Métro : Abbesses;De 18h à 21h.
Le Vieux Comptoir du Cap Horn;http://www.timeout.fr/paris/bar/le-vieux-comptoir-du-cap-horn;http://media.timeout.com/images/100604963/617/347/image.jpg;Ce petit bar chilien en plein Marais tranche avec les devantures guindées et le décor baroque du quartier. Caché dans une petite rue adjacente à la place des Vosges, on le repère grâce à son grand drapeau chilien et ses quelques tables en terrasse, très agréables en été. On le distingue aussi par son équipe de serveurs latinos, jeunes, décontractés et souriants et ses prix raisonnables pour le quartier (8 euros le cocktail, 5 euros pendant la longue happy hour de 16h à 20h). On retrouve la chaleur de l'Amérique du Sud dans la convivialité des conversations des Chiliens expatriés à Paris qui s'y retrouvent, dans le fond musical latino et une carte des cocktails exotique : pina colada, cuba libre, punch coco et bien sûr caipirinha et mojitos. Mais les stars du bar sont les cocktails préparés à base de pisco, une eau-de-vie de raisin fabriquée dans la vallée de l'Elqui au Chili à partir du moscatel, que l'on retrouve dans la piscola (pico, jus de citron, coca) ou le pisco sour (pisco, jus de citron, sucre). Pour ne pas trop se laisser griser par l'alcool, on peut grignoter quelques empanadas ou des calamars, rien d'exceptionnel mais de quoi caler son estomac pour 5 ou 8 euros. Le week-end, des petits groupes de musique sud-américaine viennent pousser la chansonnette dans la bonne humeur. Le 18 septembre, on y célèbre joyeusement la fête nationale chilienne.;8 rue de Birague 4e Paris;Cocktails à 8 euros;Tous les jours de 10h à 1h;Métro : Bastille ou Saint-Paul;De 16h à 20h.