name;address;description;image;link;contact;likes
La Salle Wagram;37 avenue de Wagram, 75017, Paris, France;"Salle mythique vers la fin des années 90's, et ce jusqu'au début des années 2000, la Salle Wagram a pu accueillir les plus grandes soirées étudiantes ou clubbing de Paris, comme les fameuses soirées TGV.
La Salle Wagram a été entièrement rénovée et a réouvert il y a peu de temps. Elle a conservé ses décors d’antan, et à profité de sa rénovation pour intégrer les équipements techniques de dernière génération. Elle est désormais destinée à accueillir des congrès ou autres réceptions privées.
La Salle Wagram est classée monument Historique";http://a2.parisbouge-res.cloudinary.com/image/upload/s--c8EmCLIu--/c_fill,fl_progressive,h_200,w_200/f_auto,q_80/hi0lddii2jvaz1ul8hr2.jpg;http://www.parisbouge.com/place/1;;118
Le Back Up;18 rue de la Croix Nivert, 75015, Paris, France;Le BackUp est une salle événementielle située en plein cœur du 15ème arrondissement, à quelques pas des Champs Elysées. Lieu incontournable de la nuit parisienne, le BackUp est une salle souvent louée pour des rallyes ou des soirées étudiantes, mais elle est également disponible pour tous types d'événements privés ou professionnels. Pour être au courant des prochains événements qui auront lieu au BackUp, pensez à consulter l'agenda de ParisBouge.com.;http://a3.parisbouge-res.cloudinary.com/image/upload/s--cF_yex44--/c_fill,fl_progressive,h_200,w_200/f_auto,q_80/vjfqjp8rytzfo46fvyuy.jpg;http://www.parisbouge.com/place/2;147832617;234
L'Hôtel InterContinental Paris - Avenue Marceau;64 avenue Marceau, 75008, Paris, France;Situé en plein cœur du 8ème arrondissement et à quelques pas des Champs Elysées, l'Hôtel InterContinental Paris - Avenue Marceau est un espace de convivialité où la décoration mêle art et design pour le plus grand plaisir des yeux. Le restaurant de l'Hôtel InterContinental Paris - Avenue Marceau, le M64, propose une cuisine française contemporaine avec une carte rassemblant une quinzaine de suggestions. La réservation du restaurant est conseillée.;;http://www.parisbouge.com/place/3;144433636;42
La Loco;90 boulevard de Clichy, 75018, Paris, France;"La loco est désormais connu sous le nom de ""La machine du moulin rouge""";;http://www.parisbouge.com/place/5;;528
L'Elysée Montmartre;72 boulevard Rochechouart, 75018, Paris, France;L'Elysée Montmartre, situé dans le 18ème arrondissement parisien, est une ancienne salle de boxe recyclée en salle de concerts, et désormais devenu un des nouveaux temples de la nuit parisienne. Des soirées étudiantes aux soirées de clubbers, on a vu les plus grands de la capitale y passer. Open House, Panik, DeLaHouse, Magic Garden ... L'Elysée Montmartre organise un samedi sur 2 son bal, soirée Kitch avec Dj & Grand Orchestre.;;http://www.parisbouge.com/place/6;142234650;606
La Scène;16 rue Linois, 75015, Paris, France;L'Aquarium cherche à séduire une nouvelle clientèle plus tendance clubbing et branchée et a donc changé de nom pour la Scène.;;http://www.parisbouge.com/place/7;145778080;176
Les Bains;7 rue du Bourg-l'Abbé, 75003, Paris, France;"Après des années de fermeture, l’hôtel Les Bains se situe au 7 rue du Bourg-l’Abbé, à quelques rues du Centre Pompidou dans le 3ème arrondissement de Paris. Les Bains, c’est également un restaurant, un bar et un club, à la fois bohème et élégant, transculturel et inventif, ouvert 24h/24 rien que pour vous.
L'hôtel Les Bains est ouvert en permanence.";http://a1.parisbouge-res.cloudinary.com/image/upload/s--YnIdByh6--/c_fill,fl_progressive,h_200,w_200/f_auto,q_80/wnkwmsbxix180ydgsssd.jpg;http://www.parisbouge.com/place/8;148870180;266
Le Bus Palladium;6 rue Pierre Fontaine, 75009, Paris, France;Le Bus Palladium compile resto américain, boîte de nuit, salon privé et salle de concerts. Ce lieu est une véritable institution depuis sa création en 1965. La déco du Bus Palladium a gardé son côté rétro avec des murs tapissés de velours et des banquettes en cuir rouge. Côté concerts, la musique est rock au Bus Palladium, les meilleurs groupes des années 80 s’y sont retrouvés pour tourner des clips ou donner des soirées.;http://a1.parisbouge-res.cloudinary.com/image/upload/s--uGpsV0qS--/c_fill,fl_progressive,h_200,w_200/f_auto,q_80/xugn2jcpuzwh7aam5nyg.jpg;http://www.parisbouge.com/place/9;145268035;121
Le Duplex;2 bis avenue Foch, 75116, Paris, France;"Situé à quelques pas de l'Arc-de-Triomphe, le club Le Duplex rassemble deux grandes salles et une plus petite. On y retrouve une ambiance musicale plutôt généraliste, avec un style différent pour chacune des salles, en particulier pendant les soirées du week-end : house, disco, groove, ... Le Duplex mêle les styles de musique et dispose d'une discothèque, d'un bar et d'un restaurant.
Le club Le Duplex est ouvert tous les jours, de 23h à 6h du matin.";http://a5.parisbouge-res.cloudinary.com/image/upload/s--kZP5eDY2--/c_fill,fl_progressive,h_200,w_200/f_auto,q_80/hiidfgp6mtcb6cjpatmu.jpg;http://www.parisbouge.com/place/10;145004500;502
Les Planches;40 rue du Colisée, 75008, Paris, France;"Situé en plein cœur du 8ème arrondissement parisien, le club Les Planches est un club généraliste.
Alors roulez Jeunesse, et avec le coupé de papa, voici Les Planches, la boîte de la jeunesse dorée de Paris. N'oubliez pas la veste et oubliez les baskets, ""Auteuil-Neuilly-Passy"", voilà la boîte de nuit de ton ghetto !";http://a2.parisbouge-res.cloudinary.com/image/upload/s--_dzsf2QB--/c_fill,fl_progressive,h_200,w_200/f_auto,q_80/drqxdbgvmd7vhotuyp8n.jpg;http://www.parisbouge.com/place/12;142251168;208
Le Queen;102 avenue des Champs Elysées, 75008, Paris, France;"Situé sur les Champs Elysées le club Le Queen, l'ex-spot gay mythique a connu son âge d’or de 1993 à 1996, époque durant laquelle son directeur artistique était David Guetta. A présent reconverti en club plutôt généraliste et populaire, Le Queen accueille une clientèle majoritairement hétérosexuelle, jeune et populaire. Pour information, Le Queen accepte les réservations.
Le Queen est ouvert tous les jours de 23h30 à 6h30.";http://a2.parisbouge-res.cloudinary.com/image/upload/s--3nk3PPZn--/c_fill,fl_progressive,h_200,w_200/f_auto,q_80/jj1v8ylxa3nwuf4ykgsq.jpg;http://www.parisbouge.com/place/13;153890890;735
Le Rancho;56 avenue ganipote, 17420, Saint Palais sur mer, France;"Situé à quelques kilomètres de Royan, à Saint-Palais-sur-Mer, le club Le Rancho dispose de trois salles, de trois ambiances, et de six bars. Une bonne partie du Rancho se situe en plein air. Un endroit idéal pour les noctambules ou les fêtards qui souhaitent danser toute la nuit et rencontrer des personnes aimant les sorties clubbing !
Le Rancho est ouvert tous les jours, de 23h30 à 7h du matin.";;http://www.parisbouge.com/place/14;546231329;35
Le Forum de Grenelle;5 rue de la Croix Nivert, 75015, Paris, France;Située dans le 15ème arrondissement parisien, Le Forum de Grenelle est une salle bien habituée à recevoir des soirées étudiantes. Elle n'est pas chère à la location, ce qui permet d'organiser des soirées à des prix raisonnables. Le Forum de Grenelle possède une surface totale de 700 mètres carrés, avec une hauteur sous plafond de 5 mètres pour une capacité d'accueil de deux cents à sept cents personnes.;http://a1.parisbouge-res.cloudinary.com/image/upload/s--vrch4OOn--/c_fill,fl_progressive,h_200,w_200/f_auto,q_80/dbgamjnjtzafq5qokyuu.jpg;http://www.parisbouge.com/place/16;143067008;35
L'ESSEC;avenue bernard hirsch, 95021, Cergy-Pontoise, France;L’ESSEC (École Supérieure des Sciences Économiques et Commerciales) est une grande école de commerce et de gestion fondée en 1907, dont le campus principal se trouve depuis 1973 à Cergy, en région parisienne. Elle est aussi présente à Paris et Singapour. Une très forte communauté associative anime les soirées étudiantes au sein de l'ESSEC, notamment les jeudis soirs, et en organise même hors les murs.;http://a3.parisbouge-res.cloudinary.com/image/upload/s--INAv-NQi--/c_fill,fl_progressive,h_200,w_200/f_auto,q_80/fwfaw4okijncnxowejte.jpg;http://www.parisbouge.com/place/17;;23
Le Hammam Club;94 rue d'amsterdam, 75009, Paris, France;"Situé dans le 9ème arrondissement parisien et ouvert depuis 1998, Le Hammam Club a su se forger une image de discothèque branchée toujours à la pointe des derniers sons Raï, Oriental House, R’NB, Dance All, Hip Hop et généraliste.
Le Hammam Club de par sa capacité ni trop grande ni trop petite et sa décoration orientale branchée a un charme unique sur Paris.Notre jeune clientèle vient au Hammam Club pour passer une soirée agréable dans une ambiance toujours conviviale et festive.
Le Hammam Club est ouvert du jeudi au dimanche de minuit à l’aube. Tous les jeudis, des chanteurs et des DJs de Raï viennent au Hammam Club animer la soirée.";;http://www.parisbouge.com/place/19;155078000;43
La Scala;188 bis, rue de rivoli, 75001, Paris, France;"Etablissement fermé. C'est devenu le VIP Room Thater.
La Scala est un club populaire le week-end, mais qui peut devenir en semaine l'endroit le plus branché, le temps d'un soir ou bien d'un regroupement d'étudiants en soirée d'intégration, surveillez donc l'agenda de La Scala ! Avec plusieurs salles sur plusieurs étages et une décoration digne d'un film avec Belmondo ou Delon, La Scala est un lieu incontournable.";;http://www.parisbouge.com/place/21;149260115;182
Le Club Med World;39, cour saint émilion, 75012, Paris, France;"Définitivement fermé
Selon les soirs, vous y trouverez des soirées house, des soirées R'n'B ou bien des soirées généralistes. Attention, même si le nom est le même, cet endroit n'a rien à voir avec les soirées que l'on peut vivre en vacances au Club Med.";;http://www.parisbouge.com/place/23;;185
Le Saint;7, rue saint severin, 75005, Paris, France;"Située en plein cœur du 5ème arrondissement parisien, la boîte de nuit Le Saint est une petite boîte populaire de quartier à tendance généraliste, qui se cache dans les caves du quartier de Saint-Michel. Chez Le Saint, nous sommes très éloignés du Paris branché et bling-bling ; avis à tous ceux qui en ont marre du m'as-tu-vu et qui aiment passer des soirées discrètes et simples, tout en s'amusant.";http://a3.parisbouge-res.cloudinary.com/image/upload/s--JSImfOJ_--/c_fill,fl_progressive,h_200,w_200/f_auto,q_80/iy8d4grvlsw0o0o3tnx5.jpg;http://www.parisbouge.com/place/25;143255004;89
Le Concorde Atlantique;23, quai Anatole France, 75007, Paris, France;"Le bateau Concorde Atlantique est une des salles les plus réservées par les organisateurs : 2 salles + 1 terrasse, forcément ca donne envie, surtout l'été. Bien que ce bateau soit un des endroits les plus branchés de l'été avec les soirées Respect, Eté d'amour le mercredi, les After Works Métro Boulot Bateau le jeudi et les Terrassa le dimanche, on peut noter plusieurs points faibles sur la péniche Concorde Atlantique : il fait chaud à l'interieur l'été, et l'hiver on y retrouve souvent des soirées étudiantes.
Attention : parfois 2 soirées le même soir, une dans la salle du bas, une dans la salle du milieu, ne vous trompez pas de soirée !";http://a4.parisbouge-res.cloudinary.com/image/upload/s--DqwXLOLf--/c_fill,fl_progressive,h_200,w_200/f_auto,q_80/tk9yqokwq5goct1rvh4p.jpg;http://www.parisbouge.com/place/33;147057103;919
Glazart;7, avenue de la Porte de la Villette, 75019, Paris, France;Situé dans le 19ème arrondissement parisien, à la porte de la Villette, Glazart est à la fois une salle de concerts et un club. Autrefois vieil entrepôt, Glazart a été aujourd'hui remodelé en salle de spectacles pluri-disciplinaires, véritablement orientée musique avec les nombreux concerts qu'elle accueille, et habituée à une programmation éclectique qui ravit tous les Parisiens et clubbers noctambules.;http://a4.parisbouge-res.cloudinary.com/image/upload/s--CtGkCXPo--/c_fill,fl_progressive,h_200,w_200/f_auto,q_80/upli8xfmqilwssuxgff4.jpg;http://www.parisbouge.com/place/34;140365565;121
la Serena;92, rue de Richelieu, 75002, Paris, France;"Vous avez une soudaine envie de soleil, de corrida et de mojitos, n’hésitez plus, c’est à la Séréna que ça se passe ! Dans ce pub, les origines espagnoles des tenanciers sont fièrement revendiquées. Affiches de corridas, murs de couleur rouge et musiques caliente sont les maîtres mots au Séréna ! Les mojitos sont à 6 € et c’est une spécialité de la maison. Côté ambiance, Séréna est un bar où habitués, étudiants et curieux se rassemblent pour s’amuser sans prise de tête. 
Le Séréna ouvre du lundi au jeudi de 11h à 02h, le vendredi de 11h à 05h et le samedi de 21h à 05h.";;http://www.parisbouge.com/place/37;142961117;28
la Péniche Le Club;1068, quai Carnot, 92210, Saint Cloud, France;"Péniche qui accueille différents types de public selon les soirées qui vont du hip-hop aux soirées ""minets-minettes"" en passant par le style ""étudiant"".
Sur 2 niveaux.
Pour y accéder, c'est plus compliqué :
La Défense, tramway ligne T2 direction Issy - Val-de-Seine, station : Les Coteaux
ou 
métro ligne 10 : Boulogne / pont de Saint-Cloud.
Par le tramway, c'est vraiment le plus rapide.";;http://www.parisbouge.com/place/42;;62
L'Abracadabar;123 rue Jean Jaurès, 75019, Paris, France;"Ça groove à l’Abracadabar ! Réouvert en janvier 2013, le bar-concerts l’Abracadabar a fait peau neuve et vous propose des concerts différents tous les soirs suivis par des DJ sets dès 22h30. Au programme : du jazz, du rock, de la drum’n bass, du rock et plein de groupes à découvrir !
En parallèle, l’Abracadabar organise régulièrement des expositions, des scènes entre le théâtre et la poésie, des projections de courts métrages, ainsi que des soirées pour recueillir des fonds pour les associations humanitaires. 
L’Abracadabar ouvre ses portes du mardi au samedi de 18h30 à 02h00.";;http://www.parisbouge.com/place/45;142031804;39
Le Dancing de la Coupole;102 boulevard du Montparnasse, 75014, Paris, France;"Situé en plein cœur du 14ème arrondissement parisien, au 102 boulevard du Montparnasse, Le Dancing de la Coupole est entre autres connu pour ses grandes soirées festives. L'ambiance électrique qui règne autour des soirées ""années folles"" ravit les noctambules parisiens en quête de soirées thématiques qui les plongent dans l'atmosphère et la musique d'une autre époque... 
Le Dancing de la Coupole est ouvert du lundi au vendredi, de 8h à 14h30 et de 18h30 à minuit (23h le lundi) ainsi que les samedis, dimanches et jours fériés avec un service continu de 8h30 à minuit (23h le dimanche).";http://a3.parisbouge-res.cloudinary.com/image/upload/s--5tMpJ9h_--/c_fill,fl_progressive,h_200,w_200/f_auto,q_80/q3oejohq1cobgyf0fjve.jpg;http://www.parisbouge.com/place/46;143275600;93
Le Barramundi;3, rue Taitbout, 75009, Paris, France;"Entre restaurant, bar lounge et club, entre Afrique et Asie, dans un décor à la fois chic et branché, le Barramundi vous propose un voyage ambitieux, à deux pas de l'Opéra Garnier. Le Barramundi vous propose tous les samedis soir après le restaurant des soirées clubbing généralistes telles que la soirée 100% Dancefloor ou la soirée Wiz Me ! Venez fêter vos anniversaires et enterrements de vie de jeune fille/garçon : formule dîner + accès au Club et vestiaire offert à seulement 50€ !!!
Le Barramundi est ouvert du lundi au vendredi de 12h00 à 15h30 et de 18h30 à 02h, le samedi de 19h00 à 05h00.";http://a1.parisbouge-res.cloudinary.com/image/upload/s--ZAgRqP2L--/c_fill,fl_progressive,h_200,w_200/f_auto,q_80/noccth1cowtlzsoyaeke.jpg;http://www.parisbouge.com/place/47;147702121;31
Le Globo;8, Bd de Strasbourg, 75010, Paris, France;"Nichée dans le 10ème arrondissement, la bodega Le Globo vous accueille pour faire la fiesta, danser et partager un bon repas avec des amis. Dans sa grande salle rouge, Le Globo met à votre disposition des fauteuils confortables pour vous asseoir après vous être déhanchés sur la piste. Endroit convivial et chaleureux, Le Globo propose une programmation musicale éclectique qui conviendra à tous. Le Globo, c’est l’esprit des bodegas du sud et de l’Espagne.
Le Globo est ouvert le vendredi et le samedi de 23h00 à 05h30.
Le Globo propose une formule tout compris à 85€.";http://a5.parisbouge-res.cloudinary.com/image/upload/s--vK4_2C4F--/c_fill,fl_progressive,h_200,w_200/f_auto,q_80/dqgoox5p1ck4tgwo6qbg.jpg;http://www.parisbouge.com/place/54;142415570;34
Le Rex Club;5, boulevard Poissonnière, 75002, Paris, France;"Une soirée en compagnie d’un bon DJ ça vous branche ? Alors filez au Rex Club dans le II ème arrondissement. Dans ce club l’ambiance est tout simplement survoltée jusqu’au petit matin. Aux platines, les DJ’s français et internationaux parmi les plus reconnus du monde comme Jeff Mills, Miss Kittin et Laurent Garnier défilent derrière les platines. Il est à noter également que le Rex Club dispose d’un des meilleurs soud-systems de la capitale.
Le Rex Club ouvre de mercredi à samedi de 23h30 à 07h00.";http://a5.parisbouge-res.cloudinary.com/image/upload/s--rjNVXY5C--/c_fill,fl_progressive,h_200,w_200/f_auto,q_80/cra4olcjmtm24r9lhroa.jpg;http://www.parisbouge.com/place/57;142361096;736
Le Scorp;25, boulevard Poissonnière, 75002, Paris, France;Le Scorp n'existe plus.;;http://www.parisbouge.com/place/58;140262830;24
Chez Castel;15, rue Princesse, 75006, Paris, France;"Situé en plein cœur du 6ème arrondissement, dans le quartier chic de Saint-Germain-des-Prés, le restaurant Chez Castel reflète une ambiance « comme à la maison ». Véritable institution parisienne, Castel était le club branché de la génération Baby-Boom, aujourd'hui c'est tout autre chose. Le restaurant reste encore correct, y boire un verre pourquoi pas, mais pour y faire la fête, il faudra vous tourner vers une autre adresse.
Le restaurant Chez Castel vous accueille de 21h à 1h du matin et le club Chez Castel, de 23h jusqu'à l'aube.";http://a1.parisbouge-res.cloudinary.com/image/upload/s--Uatu7-Ob--/c_fill,fl_progressive,h_200,w_200/f_auto,q_80/imtds7qfgepn2jy1g1ig.jpg;http://www.parisbouge.com/place/59;140515280;33
le Buddha Bar;8, rue Boissy d'Anglas, 75008, Paris, France;"Le Buddha Bar est une des pierres angulaires de la galaxie des Costes. Ce bar restaurant à la décoration atypique a su attirer et garder une clientèle aisée et exigeante. Le Buddha Bar s’étend sur deux espaces, celui de la mezzanine consacrée aux adeptes de cocktails exotiques et celui de la salle du bas pour se restaurer. Au milieu de la pièce trône une gigantesque statue de Buddha (5 x 8 m) qui a donné son nom au lieu. Côté assiettes, le chef vous propose une cuisine à tendance exotique. 
Le Buddha Bar est ouvert du lundi au vendredi de 12h à 02h et le samedi et le dimanche de 16h à 02h.
Compter entre 60 € et 95 € pour un menu au Buddha Bar.";;http://www.parisbouge.com/place/65;153059000;207
le Vip Room;76/78, avenue des Champs Elysées, 75008, Paris, France;"Etablissement fermé.
Retrouvez le Vip Room désormais rue de Rivoli.";;http://www.parisbouge.com/place/67;156691669;210
Le Folies Pigalle;11, place Pigalle, 75009, Paris, France;"Le Folies est par son histoire encore un haut-lieu de la house parisienne, des soirées toute la semaine sauf les lundis. After samedi et dimanche matin dès 6h. Ambiance assez folle et ""trashy"", on retrouve souvent des performers habillés avec beaucoup d'originalité, des drags, des bi, des trans ... Le Folies c'est extravagant ! Depuis Mars 2009, nouvelle direction pour le Folies, plus classique et des Djs internationaux au programme.";;http://www.parisbouge.com/place/68;148782526;218
Le Gibus;18, rue du Faubourg du Temple, 75011, Paris, France;Situé entre les quartiers de République et du Marais, dans le 11ème arrondissement parisien, Le Gibus est une salle de concert et également un club. C’est dans un esprit festif que Le Gibus propose, pour ceux qui ont soif de découverte et de nouveaux talents, des soirées variées allant du concert de rock à la pop alternative en passant par des événements clubbing. Pour en savoir plus, rendez-vous au 18 rue du faubourg du temple pour passer une soirée digne d'un vrai Parisien !;http://a5.parisbouge-res.cloudinary.com/image/upload/s--e79Xukcu--/c_fill,fl_progressive,h_200,w_200/f_auto,q_80/p5serehrh7hv9pbajbyy.jpg;http://www.parisbouge.com/place/72;147007888;383
le Studio 287;33 avenue de la porte d'Aubervillier, 75018, Paris, France;Le Studio 287 club est définitivement fermé.;;http://www.parisbouge.com/place/74;;451
Le Nouveau Casino;109, rue Oberkampf, 75011, Paris, France;Situé en bas de la rue Oberkampf, à quelques mètres seulement de la Place Verte dans le 11ème arrondissement parisien, Le Nouveau Casino est une salle de concerts et surtout un club à tendance électro, qui accueille beaucoup de nouveaux talents ou des pointures underground. Un lieu idéal pour les clubbers qui ne savent pas où finir leur soirée après avoir été boire un verre rue Oberkampf et les noctambules en soif de musique.;http://a1.parisbouge-res.cloudinary.com/image/upload/s--Yt9SFzRY--/c_fill,fl_progressive,h_200,w_200/f_auto,q_80/zntxo9iktnq3hukiajlx.jpg;http://www.parisbouge.com/place/79;;251
Le Divan du Monde;75, rue des Martyrs, 75018, Paris, France;"Situé dans le 18ème arrondissement parisien, rue des Martyrs, Le Divan du Monde est une petite salle parmi tant d'autres ancrée dans le quartier de Pigalle qui accueille concerts et soirées. En plein cœur d'un quartier animé jour et nuit, Le Divan du Monde est le spot idéal assimilable à un point de chute des noctambules parisiens et touristes en soif de fête. 
Le Divan du Monde dispose d'une programmation vaste et adaptée à tous les goûts et toutes les envies... à surveiller sur ParisBouge.com.";http://a3.parisbouge-res.cloudinary.com/image/upload/s--XrbqBr8J--/c_fill,fl_progressive,h_200,w_200/f_auto,q_80/exvaevun0xx7lnfewqxi.jpg;http://www.parisbouge.com/place/83;;67
Les Caves Saint-Sabin;50, rue Saint Sabin, 75011, Paris, France;Situées dans le 11ème arrondissement parisien, rue Saint-Sabin, Les Caves Saint-Sabin sont de belles caves voûtées dans le vieux Paris du XVIIe siècle qui accueillent souvent des soirées gothiques et parfois des soirées un peu plus classiques. Surveillez l'agenda de ParisBouge.com pour voir ce qui se passe aux Caves Saint-Sabin : les noctambules parisiens se réjouiront de cette salle à l'aspect authentique, tout en sirotant un verre ou en s'amusant.;http://a3.parisbouge-res.cloudinary.com/image/upload/s--K7roNPau--/c_fill,fl_progressive,h_200,w_200/f_auto,q_80/cju9m2a4neiu6qiok9aa.jpg;http://www.parisbouge.com/place/84;;84
Le Cab;2, place du Palais Royal, 75001, Paris, France;"Etablissement fermé
Le restaurant-club, Cabaret, plus connu sous le nom de Cab a été entièrement imaginé par Ora-Ïto (célèbre designer français). Le but recherché par les propriétaires : créer une atmosphère unique ! Et il faut l’avouer, niveau déco, le challenge a été brillamment relevé : la combinaison des formes est frappante, les couleurs et les textures se mélangent pour créer une ambiance digne d’un autre univers. 
Au premier étage du Cab, le restaurant est discret et sobre, parfait pour les déjeuners d’affaires. Au menu, une cuisine simple et traditionnelle. Quant au sous sol, on y trouve le club dans lequel la programmation oscille entre house et R'n'B. Le club accueille une clientèle éclectique et principalement étrangère. Le Cab est à découvrir en premier lieu pour son design extraordinaire.";;http://www.parisbouge.com/place/92;158625625;368
Le Metropolis;Rue du pont des halles, 94150, Rungis, France;Situé à Rungis, à quelques kilomètres de la capitale, le club Le Métropolis est le plus grand complexe d'Ile-de-France qui attire de nombreux noctambules parisiens en soif de fête et de bon moment à passer ! Pour chacune de ses cinq salles, une ambiance différente y correspond. Du club dj au club électro en passant par le temple de la tecktonik, la boîte de nuit Le Métropolis s'affirme comme étant l'endroit incontournable des soirées clubbing ! Et bonne surprise... L'entrée avant 23h est libre pour tous les clubbers !;http://a3.parisbouge-res.cloudinary.com/image/upload/s--OSdbIAF0--/c_fill,fl_progressive,h_200,w_200/f_auto,q_80/zixo3rshf5wxxelxxv6f.jpg;http://www.parisbouge.com/place/93;146868666;496
Le O'Sullivans;92, Boulevard de Clichy, 75018, Paris, France;Situé en plein cœur du 18ème arrondissement parisien, au 92 Boulevard de Clichy le pub O'Sullivans remplace l'ancien MCM Café. Aujourd'hui devenu un des pubs incontournables de la capitale avec l'Indiana, le Café Oz de leurs nombreux homologues, le pub O'Sullivans propose des bières et des cocktails très variés sur sa carte, à boire en happy hour ou en soirée après avoir mangé un bon burger ou sur le pouce avant de partir en soirée. Cheers !;http://a3.parisbouge-res.cloudinary.com/image/upload/s--QjKEKtjp--/c_fill,fl_progressive,h_200,w_200/f_auto,q_80/rilydmbdxtst0aldymls.jpg;http://www.parisbouge.com/place/94;153090849;22
l'Etoile;12, rue de Presbourg, 75016, Paris, France;Le club l’Etoile est désormais fermé.;;http://www.parisbouge.com/place/99;145007870;222
Le Garden Elysée;4, rue Arsène Houssaye, 75008, Paris, France;Tout petit club en haut des Champs-Elysées, à tendance r'n'b, groove et un peu house.;;http://www.parisbouge.com/place/100;145612020;190
Le Batofar;11, quai Francois Mauriac, 75013, Paris, France;"Le Batofar est un petit bateau ancré dans le 13ème en face de la bibliothèque Francois-Miterrand. Il est tout rouge et a un gros phare sur la tête, vous ne pouvez donc pas le rater. Le Batofar est une salle de concert et un club. C'est une référence à Paris en matière d'électro, de techno et des autres nouvelles tendances musicales.
Le Batofar dispose également d'une grande terrasse chauffée pour prendre l'air, et de juin à septembre, le Batofar installe sur le quai sa ""plage"" avec buvette, snack et trasats.
Le club du Batofar est ouvert du mercredi au samedi. L'entrée est gratuite le mercredi et jeudi, et 10€ le week end.
Les concerts au Batofar sont habituellement les mardis, mercredis et jeudis en début de soirée. Surveillez la programmation dans l'agenda.
Le restaurant du Batofar est ouvert du mardi au samedi
Service du midi, de 12h30 à 14h30, service du soir, de 19h30 à 23h30
Reservation restaurant au 01 53 60 17 00";http://a1.parisbouge-res.cloudinary.com/image/upload/s--BdOExK46--/c_fill,fl_progressive,h_200,w_200/f_auto,q_80/kwbsk4nkpemrnxvxhjlc.jpg;http://www.parisbouge.com/place/103;971255061;423
Le Pulp;25 boulevard Poissonnière, 75002, Paris, France;Ex-enseigne électro de Paris, ce club a été démoli en 2007.;;http://www.parisbouge.com/place/104;140260193;116
La Flèche d'Or;102, rue de Bagnolet, 75020, Paris, France;"Située en plein cœur du 20ème arrondissement au 102 rue de Bagnolet, La Flèche d'Or, endroit branché de l'Est parisien, est à la fois un restaurant, un bar, un club et une salle de concerts, à tendance électro et rock. Un gros must de La Flèche d'Or, c'est qu'en plus d'être un endroit sympa, l'entrée est souvent gratuite.
Le restaurant de La Flèche d'Or est ouvert les soirs de concerts ou de soirées. Service continu de 20h à minuit. Compter environ 10€ / 15€.";http://a4.parisbouge-res.cloudinary.com/image/upload/s---w7ZbVz0--/c_fill,fl_progressive,h_200,w_200/f_auto,q_80/ygiegtgbrjtydw2kjt4i.jpg;http://www.parisbouge.com/place/106;144640102;203
Le Bataclan;50, boulevard Voltaire, 75011, Paris, France;Salle mythique à Paris, le Bataclan est situé en plein cœur du 11ème arrondissement parisien et accueille des concerts, des soirées et des spectacles. Le Bataclan, qui s'appelait à l'origine Ba-Ta-Clan, est une salle de spectacle parisienne édifiée par l'architecte Charles Duval en 1864. Sa décoration chic parisienne a fait du Bataclan un lieu incontournable où spectacles, soirées privées, one-man shows et autres événements culturels ont lieu régulièrement.;http://a5.parisbouge-res.cloudinary.com/image/upload/s--CYUwVL15--/c_fill,fl_progressive,h_200,w_200/f_auto,q_80/yzfpgcbnb2kdny30zpxj.jpg;http://www.parisbouge.com/place/107;;218
Le Cabaret Sauvage;59, boulevard Macdonald, 75019, Paris, France;;http://a3.parisbouge-res.cloudinary.com/image/upload/s--r6vcCvyv--/c_fill,fl_progressive,h_200,w_200/f_auto,q_80/gm9feydpi7gacturmvjk.jpg;http://www.parisbouge.com/place/123;142090109;132
Le Wagg;62 rue Mazarine, 75006, Paris, France;Installé à la place du Whisky à Go Go, le Wagg vous propose de faire la fête dans sa cave voûtée. Ce petit club intime et class’ du 6ème arrondissement a un sound system très performant et passe des playlists qui oscillent entre soul et funk. Ici le décor est épuré et des pierres sont incrustées sur les murs.;;http://www.parisbouge.com/place/126;155422200;302
Bercy - POPB;8, boulevard Bercy, 75012, Paris, France;;http://a3.parisbouge-res.cloudinary.com/image/upload/s--0VykBQtV--/c_fill,fl_progressive,h_200,w_200/f_auto,q_80/guzlomsdhobm7nbsxlcc.jpg;http://www.parisbouge.com/place/131;;56
L'OPA;9, rue Biscornet, 75012, Paris, France;"OPA pour Offre Publique d'Ambiance.
L'alternative à Bastille, un bar club et bar live à la fois dans un Loft façon NY, sur plusieurs niveaux et mezzanines.
L'OPA est ouvert du mardi au jeudi de 20h à 2h et de 21h à 6h le week end.";http://a4.parisbouge-res.cloudinary.com/image/upload/s--9UCpLS-c--/c_fill,fl_progressive,h_200,w_200/f_auto,q_80/piqo1rot6bo7ut0pqprx.jpg;http://www.parisbouge.com/place/133;146281290;108
L'Espace 56 - Tour Montparnasse;33 avenue du Maine, 75015, Paris, France;Comme son nom l'indique, une belle salle panoramique au 56e étage de la tour Montparnasse. Une belle occasion d'admirer Paris la nuit tout en faisant la fête !;http://a4.parisbouge-res.cloudinary.com/image/upload/s--823Tbfmb--/c_fill,fl_progressive,h_200,w_200/f_auto,q_80/wauepss6mffhtrkufx0p.jpg;http://www.parisbouge.com/place/135;;57
La Scène Bastille;2, bis rue des Taillandiers, 75011, Paris, France;"La Scène Bastille a fermé ses portes pour laisser place au Badaboum le 31 octobre 2103.
La Scène Bastille est un club à programmation très orientée house/électro et hip-hop, soul funk, selon les soirées. Vous pourrez aussi vous y rendre pour des concerts.";;http://www.parisbouge.com/place/142;148065070;193
la Galerie;161 rue montmartre, 75002, Paris, France;La Galerie est depuis fin Janvier 2009, le Player, un bar sportif;;http://www.parisbouge.com/place/144;;194
Les Caves Lechapelais;7, rue Lechapelais, 75017, Paris, France;2 salles de capacité moyenne en sous-sol et comme son nom l'indique, ce sont 2 salles voûtées de pierre. Très underground !;http://a2.parisbouge-res.cloudinary.com/image/upload/s--1hUPoh-Q--/c_fill,fl_progressive,h_200,w_200/f_auto,q_80/zhbbtangzc1i77toumtg.jpg;http://www.parisbouge.com/place/155;;23
Le Milliardaire;66 Boulevard Gouvion-Saint-Cyr, 75017, Paris, France;Le Milliardaire déménage des Champs Elysées et fait peau neuve. Rendez-vous début février 2012 pour la réouverture du club.;;http://www.parisbouge.com/place/161;;93
Le Palacio;42, rue Maurice Gunsbourg, 94200, Ivry sur seine, France;Le Palacio, c'est deux salles pour deux ambiances, sur 2 000 mètres carrés, et en plus sur trois niveaux (la grande salle sur 2 étages), aux portes de Paris (en face des quais de Bercy). Situé à Ivry sur Seine, dans le département 94, Le Palacip est un club qui rythme vos soirées au son des hits de ces vingt dernières années, nuancés de musique du monde (raï, ragga, zouk). Digne d'un véritable club parisien, Le Palacio mixe son groove (50%) et house (50%) pour des nuits mouvementées.;http://a1.parisbouge-res.cloudinary.com/image/upload/s--_1G_xKEh--/c_fill,fl_progressive,h_200,w_200/f_auto,q_80/tzbacspwtrpgrjtpvrza.jpg;http://www.parisbouge.com/place/164;146702525;100
Le Hard Rock Café;14, Boulevard Montmartre, 75009, Paris, France;"Le Hard Rock Café est une chaîne de restaurants légendaires à la déco rock’n’roll. De Paris à Dallas, Le Hard Rock Café n’est jamais loin. Un lieu plutôt cool pour les amateurs de musique qui veulent se poser un peu, boire un verre, acheter un t-shirt floqué et profiter des guitares accrochées aux murs. Bienvenue dans l’univers légendaire du rock ! Le Hard Rock Café est le lieu où se rendre quand on aime le rock’n’roll et la cuisine américaine.
Le restaurant du Hard Rock Café est ouvert de lundi à dimanche de 11h45 à 23h45. Le bar du Hard Rock Café est ouvert du lundi au dimanche de 11h45 à 01h. Comptez entre 15€ et 20€ pour manger au Hard Rock Café.";http://a1.parisbouge-res.cloudinary.com/image/upload/s--fDDF-hqN--/c_fill,fl_progressive,h_200,w_200/f_auto,q_80/lu6dvib8q68ne0hztzze.jpg;http://www.parisbouge.com/place/169;153246000;69
Le Truskel;12, rue Feydeau, 75002, Paris, France;"Indie Pop Bar.
La première chose qu'on se demande quand on rentre au Truskel, c'est, comment des groupes comme les Strokes ou les Franz Ferdinand ont pu faire leurs after shows ici, ok c'est pas si petit que çà mais çà n'est pas si grand non plus ! Comme quoi ça n'est pas la taille qui compte... En tout cas, amateurs de musique anglaise, c'est ici que vous devez venir boire votre pinte, et danser lors des mini-soirées avec dj's, qui ont lieu le week-end. Attention, comme le veut la tradition anglaise, les mecs sont souvent bourrés et chiants en fin de soirée, fuyez un peu avant la fermeture pour éviter de vous prendre une pinte en pleine gueule à la trainspotting. Dernière chose, goûtez la vodka tatin, une vodka au goût de ... tarte tatin.
Ouvert du mardi au samedi, de 20h à 5h et veilles de jours fériés.
Entrée gratuite.";;http://www.parisbouge.com/place/170;;73
Le Footsie;10, rue Daunou , 75002, Paris, France;"Le Footsie est la traduction anglaise de notre CAC 40. Autant dire que lorsqu'on entre dans cet endroit atypique, on se croirait à la Bourse ! C'est un bar ludique où chaque consommation est donc cotée : à vous de surveiller l'écran plasma qui indique à quel moment votre choix de boisson est le moins cher et au moment venu, tous à vos commandes ! Méfiez-vous des cracks boursiers, ils tombent régulièrement dans la soirée. C'est drôle, à faire entre amis, un soir de désœuvrement. Ambiance pleinement conviviale, clientèle hétéroclite pour cette authentique pub avec ses riches boiseries et ses hauts plafonds (jetez un coup d'oeil au plafond en bois peint et dorures). Le tout ambiancé par de la musique branchée, on y avale des clubs-sandwiches ou des entrecôtes-salade.
Le Footsie est ouvert tous les jours de 12h à 16h et de 18h à 2h (4h le week end).";;http://www.parisbouge.com/place/172;142600720;26
l'Alcazar;62 rue Mazarine, 75006, Paris, France;"Jeu de paume au XVIIe siècle, imprimerie au XVIIIe siècle, puis célèbre cabaret, l'Alcazar a été repris en novembre 1998 par Sir Terence Conran qui vous invite dans cette brasserie contemporaine avec sa mezzanine et son bar branché.
Dîner à deux ou en bande d'amis, venez vous installer sous la verrière, dans ce cadre chaleureux. Une cuisine traditionnelle : poissons, viandes rouges et blanches ...
Juste envie d'un verre, profitez du bar lounge de la mezzanine.
Brunch le dimanche de 12h à 15h (30€ et 15 € pour les enfants).
Possibilité les week-ends d'accéder directement au Wagg, le club de l'Alcazar, juste en-dessous.
Comptez entre 25 et 50 € / personne.
Ouvert de 12h à 14h30 et de 19h à 1h du matin.";http://a3.parisbouge-res.cloudinary.com/image/upload/s--rx1OayZZ--/c_fill,fl_progressive,h_200,w_200/f_auto,q_80/lpzvatmck1ocyxtserkc.jpg;http://www.parisbouge.com/place/174;153101999;31
Le Tanjia;23, rue de Ponthieu, 75008, Paris, France;Club désormais fermé.;;http://www.parisbouge.com/place/176;;32
Le Follow Me;24, rue Keller, 75011, Paris, France;Le Follow Me n'existe plus.;;http://www.parisbouge.com/place/177;;51
Le Red Light;34 rue du Départ, 75015, Paris, France;"Le Red Light, anciennement l'Enfer est un des gros établissements house à Paris.
Le Red Light est ouvert uniquement le week-end sauf parfois, et exeptionnellement, pour des soirées d'écoles la semaine.";http://a3.parisbouge-res.cloudinary.com/image/upload/s--jdhb19gP--/c_fill,fl_progressive,h_200,w_200/f_auto,q_80/vln5g60c3aqnpn9u6rw1.jpg;http://www.parisbouge.com/place/178;142799453;523
Le Wax;15, rue Daval, 75011, Paris, France;"Ce lieu est fermé
Bienvenue dans le pied-à-terre parisien d'Austin Power, en tout cas si ce n'est pas chez lui, ca aurait pu l'être vu la déco plastique cuir orange et bulle très 70's. Plutôt lounge en début de soirée, place aux dj's et à la fête aux tendances soul et funk dès 23h et ce, jusqu'à 5h les vendredis et samedis. Une institution du quartier Bastille.
Ouvert du mercredi au dimanche de 21h à 2h, et jusqu'à 5h les vendredis et samedis.";;http://www.parisbouge.com/place/182;140211616;67
Le Sir Winston;5, rue Presbourg, 75016, Paris, France;"D'inspiration indo-british (redécoré par Jonathan Amar en 2001), le Sir Winston se pose royalement à deux pas de l'Arc de Triomphe. Deux étages/deux ambiances ! En haut, on se sent comme dans un fumoir, gros canapés en cuir élimé, couleur bois chocolat, on y vient dîner et boire un verre, l'ambiance y est feutrée mais le dimanche, il faut y aller aussi pour le brunch ! Les baies vitrées font entrer la lumière et on peut profiter de mini concerts tendance plutôt jazzy. En revanche, le sous-sol est véritablement dédié à la nuit et la luxure, avec ses banquettes léopard entrecroisées et sa lumière tamisée, c'est confiné et plus qu'intimiste. Le Sir Winston est un pub ""so british"" où l'on propose aussi une cuisine traditionnelle modernisée teintée d'épices indiennes, et un brunch le dimanche (15-30 €)
Le Sir Winston est ouvert tous les jours de 9h à 4h.";http://a3.parisbouge-res.cloudinary.com/image/upload/s--rgZEKTAJ--/c_fill,fl_progressive,h_200,w_200/f_auto,q_80/wfnfhpdptftp79iqxp3s.jpg;http://www.parisbouge.com/place/184;140671737;23
Le Six Seven;65-67, rue Pierre Charron, 75008, Paris, France;"Le Six Seven est fermé.
Le Six Seven est un de ces nombreux clubs des champs R'n'B et House. Le Six Seven a ouvert au RdC, son restaurant, le 1st floor, idéal pour profiter, les beaux jours de la terrasse pour déjeuner ou boire un verre.";;http://www.parisbouge.com/place/192;158562051;416
Planet Hollywood;78, av des Champs Elysées, 75008, Paris, France;Etablissement fermé;;http://www.parisbouge.com/place/197;;36
le Plaza Madeleine;8 boulevard de la Madeleine, 75009, Paris, France;"2010 : Nouvelle déco et nouveau nom, rendez-vous sur la page du <a href=""/club/paris/938/culture-hall"">Culture Hall</a> pour plus d'informations.
Le plaza Madeleine est un club très class qui se loue pour tout type de soirées.
Trop class, tout rouge, plein de petits coins intimes tout autour de petits escaliers et un éclairage très joli. Ce club est nominé parmi les plus beaux clubs chaque année, aux Trophés de la Nuit et c'est justifié.
Vous y trouverez les jeudis des after work de 19h à 1h, les vendredis et samedis des soirées étudiantes généralistes et parfois des tea dance gay les dimanches.";http://a4.parisbouge-res.cloudinary.com/image/upload/s--5hWmypy7--/c_fill,fl_progressive,h_200,w_200/f_auto,q_80/ljclcp8qemzxk7bant43.jpg;http://www.parisbouge.com/place/198;142662278;160
Le Carmen;34 rue Duperré, 75009, Paris, France;"C'est l'ancien ""La Poste"" pour ceux qui connaissent, c'est également l'ancien hôtel particulier de Georges Bizet ou il composa l'opéra ... 
Classé monument historique, Carmen change de direction et réouvre désormais en bar à cocktails. Des cocktails du 19ème siècles revisités ou d'alcools rares que le barman prend un malin plaisir à shaker selon l' humeur du moment, la saison ou la personnalité du client
Les boiseries Renaissance, les colonnes majestueuses et l'étourdissante hauteur sous plafond de cette ancienne maison close ont été sublimés par le gentleman décorateur Antoine Platteau.
Des lumières tamisées, des salons discrets, un confortable lit de repos viennent souligner le côté feutré et l'esprit intimiste de ce lieu unique.
A la direction artistique, Eveline (djette et créatrice de sacs) et Céline Brugnon (co-fondatrice de la galerie La B.A.N.K), venues d'univers différents, elles ont à coeur de faire s'illuminer le Carmen avec une programmation musicale écléctique et pointue : Concerts acoustiques, soirées autour du piano, Djs, performers et after-shows d'artistes.";http://a1.parisbouge-res.cloudinary.com/image/upload/s--45j1lZ6Q--/c_fill,fl_progressive,h_200,w_200/f_auto,q_80/elrfmoiqczsvq2wdxeog.jpg;http://www.parisbouge.com/place/199;145265000;21
Le Grisy Apple's;2 rue du Général de Gaulle, 95810, Grisy les platres, France;;;http://www.parisbouge.com/place/200;134666299;27
Le Palais Maillot;2, place de la porte Maillot, 75017, Paris, France;"Le Palais Maillot (ou Palais M), est un des derniers nés à Paris. Le Palais M est situé sur le parvis du Palais des congrès. Une déco baroque moderne, une mezzanine VIP et un grand dancefloor pour accueillir les ""after work"" les jeudis et les soirées club tous les vendredis et samedis à partir de 23h. Direction Artistique : Alain Corleone. Ambiance au Palais M : House, Hip-Hop & beautiful people... A l'américaine.
Service voiturier.";http://a1.parisbouge-res.cloudinary.com/image/upload/s--hEFDhTAk--/c_fill,fl_progressive,h_200,w_200/f_auto,q_80/p7r0lb8kskvwl8fobke0.jpg;http://www.parisbouge.com/place/211;;78
Razowski's;38, place du Marché Saint-Honoré, 75001, Paris, France;"Une devanture élégante qui se marie au côté chic du quartier, Razowski's est l'un des restos les plus en vogue de la place du Marché Saint-Honoré. Sa réputation tient à ses incroyables burgers, qui selon la rumeur, seraient les meilleurs de Paris. Une belle terrasse, peut-être la plus ensoleillée de la place. Razowski's propose une cuisine rapide mais recherchée, d'influence américaine et pour traîner le dimanche, vous pouvez y venir bruncher toute l'après-midi. 
Mini carte lors du service continu de 15h à 18h (une soupe, une assiette de fromage, 2 salades, 1 club et un sandwich)
Comptez environ 15 € pour un plat, 20 € pour le brunch du dimanche.";http://a1.parisbouge-res.cloudinary.com/image/upload/s--mpfD2sIL--/c_fill,fl_progressive,h_200,w_200/f_auto,q_80/rmabkohygzjc2uqc0hoy.jpg;http://www.parisbouge.com/place/212;142965320;24
le Montecristo;68, avenue des Champs-Elysées, 75008, paris, France;Le Montecristo est un resto-bar lounge situé sur l’avenue des Champs Elysées. Plus de 600 m2 sont à disposition des parisiens, l’établissement est divisé en deux étages, avec une partie Dance Floor et une partie Pub.;;http://www.parisbouge.com/place/214;;103
Le Régine's;49 Rue de Ponthieu, 75008, Paris, France;"Le Régine's est un club bourré d'histoires et de changements de direction. 
Aujourd'hui, le Régine's est repris par Webecome (Respect, Terrassa...) et offre une toute nouvelle programmation.
Le Régine's accueille des Djs prestigieux tels que Miss Kittin ou Jeff Mills et offre des soirées plus que qualitatives pour un public varié mais néanmoins connaisseur.
Le décor du club reste intemporel et garantit une immersion totale dans ce lieu mythique.
Le Régine's est ouvert les jeudis pour les afterwork ""La French"" et les vendredis et samedis pour des soirées clubbing à partir de 23h30.";http://a2.parisbouge-res.cloudinary.com/image/upload/s--pv1Xry5c--/c_fill,fl_progressive,h_200,w_200/f_auto,q_80/pggnfkb8dtbqjfliktsw.jpg;http://www.parisbouge.com/place/221;;125
Poona lounge;25, rue marbeuf, 75008, Paris, France;Situé à proximité des Champs-Elysées, le Poona Lounge est un resto-club qui organise des soirées inspirées des cultures indienne et orientale. Le Poona Lounge dispose d’une superficie de 240 m2 divisée en deux étages.;;http://www.parisbouge.com/place/222;;23
le Pershing Hall;49, rue Pierre Charron, 75008, Paris, France;"Le Pershing Hall est l'un de ces restaurants typiquement luxe (voiturier) et lounge de la capitale qu'on aime fréquenter de temps en temps. Plus que pour sa carte, bien qu'elle soit de qualité, on y va pour la déco, réalisée par le très célèbre architecte Andrée Putman. Quand vous passez la porte du Pershing Hall, vous entrez dans un autre monde : patio ouvert, jardin vertical à plus de 30 m, jardin sauvage avec plus de 300 essences d'arbres et de plantes diverses et variées. Un ascenseur ainsi qu'un majestueux escalier, le tout orné de très longs rideaux de perles vous emmènent à l'espace lounge où tout est glamour : grands vases Murano, miroirs carmins, mur végétal, tons rouge, vert et or... Jolie clientèle, très ""Paris doré"". Bien entendu, les prix de la carte qui propose des plats traditionnels français, sont en rapport avec la déco et l'ambiance, ainsi que la situation de ce restaurant à deux pas des Champs-Elysées.
Le restaurant et le bar du Pershing Hall sont ouverts tous les jours de 18h à 2h du mat.";http://a3.parisbouge-res.cloudinary.com/image/upload/s--qe3gEAiD--/c_fill,fl_progressive,h_200,w_200/f_auto,q_80/fdpij3v14x9pk3iueyal.jpg;http://www.parisbouge.com/place/224;158365800;37
Le Bizz'Art;167 quai de valmy, 75010, Paris, France;Situé aux abords du canal Saint-Martin, à quelques mètres de l'hôtel du Nord, le Bizz'Art, ancien Opus, est a mi chemin entre un barn un club et une salle de concert, tout cela autour d'un thème : la soul music.;http://a1.parisbouge-res.cloudinary.com/image/upload/s--eFP4zRh6--/c_fill,fl_progressive,h_200,w_200/f_auto,q_80/kcm3dzfaupektakgegji.jpg;http://www.parisbouge.com/place/227;140347000;31
le Réservoir;16, rue de la forge royale, 75011, Paris, France;"Le Réservoir, c'est une ancienne forge post-atomique qui s'est désormais reconvertie en une salle de concerts ou de spectacles, avec une programmation digne des plus grandes.
Restaurant et bar, en attendant l'animation, sont ouverts tous les jours du mardi au samedi à partir de 20h jusque tard dans la nuit. Réservation pour le restaurant fortement recommandée.
Brunch le dimanche de 11h30 à 16h30.";http://a1.parisbouge-res.cloudinary.com/image/upload/s--qbj8ormV--/c_fill,fl_progressive,h_200,w_200/f_auto,q_80/aqebw663molzjvturo1n.jpg;http://www.parisbouge.com/place/256;143563960;43
Le Paris Paris;5, avenue de l'opéra, 75001, Paris, France;"ACTUELLEMENT FERME
Anciennement le Paris Paris était un petit club hype électro branché de Paris. Après plusieurs fermetures/ouvertures et changements de direction, le Paris Paris est devenu le Scopitone puis le Scop'Club et actuellement le ParisParis Club.";;http://www.parisbouge.com/place/270;;65
Le River's King;avenue du Président Kennedy, 75016, Paris, France;"Le River's King est un bateau comprenant deux petites salles en cale, une autre salle sur le pont et une grande terrasse. Régulièrement, le bateau Le River's King quitte son quai dans le 16ème arrondissement parisien, pour une petite croisière sur la Seine...
Attention, le quai d'accostage du River's King n'est pas toujours le même, il faut se référer à l'annonce de l'événement sur ParisBouge.com pour connaître le lieu d'embarquement.";http://a4.parisbouge-res.cloudinary.com/image/upload/s--82Dua7oS--/c_fill,fl_progressive,h_200,w_200/f_auto,q_80/p3bc2yodtqdgutzezvf7.jpg;http://www.parisbouge.com/place/278;;266
Theo'z Bar;26 rue de la parcheminerie, 75005, Paris, France;Fermé.;;http://www.parisbouge.com/place/289;;37
Le Banana Café;13 rue de la Ferronnerie, 75001, Paris, France;"Le Banana Café est un bar “gay and friendly” situé dans le quartier de Châtelet. La décoration est très « tropicale » : faux palmiers, bouées et fausses noix de coco. Le Banana Café a été très médiatisé un temps puisque de nombreux plateaux télé éphémères s’y sont installés. Maintenant encore pas mal de « people » s’y retrouve. Sur l’estrade de la partie clubbing du Banana, de nombreux transgenres animent les soirées à thème. Ici, tous les styles sont permis, surtout les plus atypiques. 
Le Banana Café est ouvert tous les jours de 18h à 06h.";http://a1.parisbouge-res.cloudinary.com/image/upload/s--zuBobfkt--/c_fill,fl_progressive,h_200,w_200/f_auto,q_80/wyawmu6e7uzxev4bbv5i.jpg;http://www.parisbouge.com/place/292;;46
le Pop In;105, rue Amelot, 75011, Paris, France;"Le Pop In est un petit pub du 11ème à tendance pop & électro-pop... So british !
Concerts du lundi au jeudi
Dj's vendredi et samedi
Open mic le dimanche
Le Pop In est ouvert tous les jours de 18h30 à 01h30
Happy hour de 18h30 à 21h00";;http://www.parisbouge.com/place/296;148055611;60
Le Pink Paradise;36 rue de Ponthieu, 75008, Paris, France;"Au Pink Paradise, les filles exhibent leurs plus beaux atouts sur les tables, dans un cadre voluptueux. Les hommes aiment se réunir au Pink Paradise pour les enterrements de vie de garçons ou pour les after-work un peu chauds. Mais attention, l’entrée au Pink Paradise est très sélect et le credo de l’établissement est de promouvoir l’érotisme sans jamais tomber dans la vulgarité. 
Compter entre 20 € et 40 € pour entrer au Pink Paradise. 
Le Pink Paradise est ouvert tous les jours de 22h30 à 06h.";http://a5.parisbouge-res.cloudinary.com/image/upload/s--cdnZlkP9--/c_fill,fl_progressive,h_200,w_200/f_auto,q_80/b6cecmyq5vbihp4zgxit.jpg;http://www.parisbouge.com/place/297;158361920;54
Le Maxim's;3, rue royale, 75001, Paris, France;Chez Maxim’s a été fondé en 1893, c’est un luxueux restaurant dont le nom est connu dans le monde entier. A l’époque, l’établissement était un petit bistrot et c’est Eugène Cronuché qui en a fait un lieu de renom. On lui doit notamment son décor d’Art Nouveau, peint par des élèves de l’école de Nancy. Aujourd’hui, la maison appartient à Pierre Cardin, le célèbre couturier a transformé une partie de Chez Maxim’s en musée. La clientèle de l’établissement est assez hétéroclite, mêlant les jeunes aux plus anciens. Les plats sont des classiques revisités de la gastronomie française, le service y est très rigoureux. En parallèle du restaurant, Chez Maxim’s propose régulièrement des after-work. En effet, certains jeudis sont consacrés aux férus de travail qui ont envie de venir se relaxer en sirotant un verre de vin dans un décor d’un autre temps. Quelques vendredis sont même destinés à ceux qui aiment faire la fête. Pour plus d’infos sur ces évènements, consulter l’agenda des soirées de ParisBouge.;http://a2.parisbouge-res.cloudinary.com/image/upload/s--gAzx1NOJ--/c_fill,fl_progressive,h_200,w_200/f_auto,q_80/pidxiw0ybiahh8oehsua.jpg;http://www.parisbouge.com/place/299;;36
Latina Café;114, av des Champs Elysées, 75008, Paris;Cet endroit n'existe plus, c'est maintenant le Mood.;;http://www.parisbouge.com/place/308;;32
L'Acropol;3 route de longjumeau, 91380, Chilly Mazarin, France;"2 dancefloors : Ttechno- disco. Ce club peut accueillir 4 000 fêtards !
A 7 mn de paris - porte d'Italie.
Porte d'Orléans - autoroute du sud A6. Direction Chartres-Orléans.
1re sortie Longjumeau.
Direction longjumeau.
1er carrefour - 50m à gauche.";http://a2.parisbouge-res.cloudinary.com/image/upload/s--JNR84Ok9--/c_fill,fl_progressive,h_200,w_200/f_auto,q_80/idxyw0i4zzu4geuoiqwt.jpg;http://www.parisbouge.com/place/324;;123
Le Studio;128 rue de la Boétie, 75008, Paris, France;Ce club est fermé, c'est à présent le Madam.;;http://www.parisbouge.com/place/325;;52
Le Djoon;22, boulevard Vincent Auriol, 75013, Paris, France;Le Djoon est un petit club à tendance garage, house & disco.;http://a1.parisbouge-res.cloudinary.com/image/upload/s--mvhmpmWd--/c_fill,fl_progressive,h_200,w_200/f_auto,q_80/gahwlix48ujjwkhukb8j.jpg;http://www.parisbouge.com/place/335;;165
La Maroquinerie;23 rue Boyer, 75020, Paris, France;La Maroquinerie est une salle de concerts et de spectacles. Mais la Maroquinerie, c'est également un café littéraire, un restaurant et aussi un club. Surveillez donc l'agenda de la Maroquinerie pour y retrouver ses événements en tous genres.;http://a3.parisbouge-res.cloudinary.com/image/upload/s--eEgAewdQ--/c_fill,fl_progressive,h_200,w_200/f_auto,q_80/cyzyd8uvwq4cul5krabo.jpg;http://www.parisbouge.com/place/336;;33
Le Zèbre de Belleville;63 boulevard de Belleville, 75011, Paris, France;Le Zèbre de Belleville est un ancien cinéma d'après-guerre transformé en théâtre et salle de spectacle.;http://a4.parisbouge-res.cloudinary.com/image/upload/s--xI-YbXTJ--/c_fill,fl_progressive,h_200,w_200/f_auto,q_80/zmuqrhisohxd70krrbv3.jpg;http://www.parisbouge.com/place/352;;41
L'Olympia;28 boulevard des capucines, 75009, Paris, France;Salle de concerts mythique.;http://a1.parisbouge-res.cloudinary.com/image/upload/s--ioKEY1VZ--/c_fill,fl_progressive,h_200,w_200/f_auto,q_80/om3lqvkuwvzpxplgf1ub.jpg;http://www.parisbouge.com/place/358;;25
la Favela Chic;18, rue du Faubourg du Temple, 75011, Paris, France;"La Favela Chic, c'est un restaurant club, ou plutôt, l'ambassade de la fête brésilienne à Paris. Côté musique : samba et surtout funk carioca, appelé bailé funk quand on est hors du Brésil, orchestré par DJ Tchiki Al Dente le résident de la Favela Chic. Côté bar on y retrouve évidemment des caipirinhas, caipiroskas, caipifrutas et autres cocktails do Brasil. Et n'oubliez pas la devise de la Favela Chic, ""désordre et progrès"".
Ouvert du mardi au samedi.
jusqu'à 2h en semaine, jusqu'à 4h le week-end.";;http://www.parisbouge.com/place/360;140213814;91
le Kong;1, rue du Pont Neuf, 75001, Paris, France;"Au 5e étage de l'immeuble Kenzo, retrouvez un bar restaurant chic et branché tout en couleur. A mi-chemin entre Paris et Tokyo avec une vue imprenable sur le pont Neuf et la Seine, le Kong est un bel endroit accessible à tous.
Déco by Philippe Starck et musique by Béatrice Ardisson.
Ouvert tous les jours de 10h à 2h, pour déjeuner, dîner ou boire un verre.
Service 'snack' entre 14h et 19h
Brunch le Dimanche";http://a2.parisbouge-res.cloudinary.com/image/upload/s--oSHvVqxX--/c_fill,fl_progressive,h_200,w_200/f_auto,q_80/i1khl1sythh6iww5yobp.jpg;http://www.parisbouge.com/place/374;140390900;92
Le Trabendo;Parc de la Villette, 211 avenue Jean Jaurès, 75019, Paris, France;Entre la cité de la Musique et le Zénith.;http://a4.parisbouge-res.cloudinary.com/image/upload/s--QWyeknvb--/c_fill,fl_progressive,h_200,w_200/f_auto,q_80/h9z9l58q0pwgo08gfi4c.jpg;http://www.parisbouge.com/place/375;142060552;29
Le Point Ephémère;200 quai de Valmy, 75010, Paris, France;"Point Ephémère est un centre de dynamiques artistiques situé dans le 10ème arrondissement de Paris, dans l’ancien magasin de matériaux de construction Point P sur le canal st Martin.
Depuis son ouverture, Point Ephémère accueille des artistes dans les espaces dédiés à la résidence (4 ateliers d’artistes, 1 studio de danse, 5 studios de répétition musique) et propose une programmation importante d’expositions, spectacles, concerts, soirées, conférences, ateliers,
événements insolites ... 
Le Point Ephémère vous accueille également dans son Bar Restaurant ouvert tous les jours de midi à 2 heures et le dimanche de 14 à 21 heures. Restauration légère l’après-midi et brunch le samedi midi et le dimanche.
Le Bar est ouvert le soir du mercredi au samedi jusqu'à 2h, avec DJ. Occasionnellement les soirées se terminent à l'aube.";http://a4.parisbouge-res.cloudinary.com/image/upload/s--iviBzLxj--/c_fill,fl_progressive,h_200,w_200/f_auto,q_80/y00qdwftmlpwii1ckjfo.jpg;http://www.parisbouge.com/place/378;140340248;68
Les Salons du Louvre;66 rue Jean Jacques Rousseau, 75001, Paris, France;Le Salon du Louvre est une salle d’événementiel. Elle est mise à la disposition de ceux qui souhaitent organiser des soirées privées : mariage, séminaire. Mais aussi à tout organisateurs de soirées qui voudraient y organiser une nuit clubbing.;http://a2.parisbouge-res.cloudinary.com/image/upload/s--MdfB56xg--/c_fill,fl_progressive,h_200,w_200/f_auto,q_80/cb24iornrbkt6yvra2r5.jpg;http://www.parisbouge.com/place/380;;30
Le Palace Elysée;20, rue Quentin Bauchart, 75008, Paris, France;La Palace de l’Elysée est un espace dédié à l’événementiel et à la restauration. Sa décoration est sobre, baroque et épurée. Le Palace de l’Elysée est à votre disposition pour des soirées privées.;http://a5.parisbouge-res.cloudinary.com/image/upload/s--ZFSexVZA--/c_fill,fl_progressive,h_200,w_200/f_auto,q_80/thfagsznrkm9dfa2lzqw.jpg;http://www.parisbouge.com/place/382;140701917;23
Le Mix Club;24, rue de l'Arrivée, 75015, Paris, France;"Le Mix Club, anciennement l'Amnésia, est le club qui se trouve sous la gare Montparnasse. Le Mix Club est aujourd’hui le plus gros club de la capitale : 1500 m2, un équipement lumière et un sound system à vous couper le souffle. C'est un des seuls clubs qui se rapproche de ce qu'on peut trouver à Ibiza, bien loin des petits clubs intimistes parisiens.
Programmation du Mix Club :
Jeudi : Soirées Erasmus, Vendredi : Soirée Latine Généraliste, Samedi : Soirée Généraliste
Le Mix club est ouvert de 00h à 6h (23h à 5h30 les jeudis)";http://a4.parisbouge-res.cloudinary.com/image/upload/s--scQOCTrn--/c_fill,fl_progressive,h_200,w_200/f_auto,q_80/wxqwzlwxax7cvtqkowgk.jpg;http://www.parisbouge.com/place/388;156803737;391
La Cigale;120 boulevard Rochechouart, 75018, Paris, France;Datant de la fin du XIXe siècle, la Cigale est un Monument Historique de Paris. En 1987, Philippe Stark redécore la salle pour en faire la nouvelle Cigale, salle de spectacles polyvalente recevant des artistes avant-gardistes de la scène internationale.;http://a4.parisbouge-res.cloudinary.com/image/upload/s--LodqMMDL--/c_fill,fl_progressive,h_200,w_200/f_auto,q_80/yy27crdpfe3k6pnopigu.jpg;http://www.parisbouge.com/place/393;149258999;38
le Nix Nox;Port de la Gare, 75013, Paris, France;Le Bateau Nix Nox est un bateau avec une double terrasse extérieure qui accueille des soirées en tous genres, surveillez l'agenda pour choisir une programmation qui vous convient. Le Nix Nox est situé au pied de la passerelle de la bibliothèque.;http://a5.parisbouge-res.cloudinary.com/image/upload/s--tV4cUntm--/c_fill,fl_progressive,h_200,w_200/f_auto,q_80/jlt9xfzarokio6assea2.jpg;http://www.parisbouge.com/place/395;;86
La Bellevilloise;21 rue Boyer, 75020, Paris, France;"La Bellevilloise est un espace culturel et événementiel : expos, resto, club, salle de concerts, terrasse... de type loft dans un bâtiment ""art Nouveau"" datant de 1877...";http://a5.parisbouge-res.cloudinary.com/image/upload/s--jviv6dIi--/c_fill,fl_progressive,h_200,w_200/f_auto,q_80/vo7hnzqdbld6dvygnbx6.jpg;http://www.parisbouge.com/place/396;;141
Le Madam;128 rue la Boétie, 75008, Paris, France;"Un schéma classique pour le Madam, club du 8ème arrondissement parisien situé au 128 rue de la Boétie : le jeudi, After Work, suivi de soirée ; week-end, soirées house peut-être un peu plus pointues que chez ses voisins. En revanche, une différence notable : le dimanche matin dès 5h - 6h, l'after du Madam débute, souvent bien rempli, et donc assez sélect à la porte. Le Madam a également une petite exigence : être un groupe de filles ou un groupe mixte pour rentrer.";http://a1.parisbouge-res.cloudinary.com/image/upload/s--ZJpmODfs--/c_fill,fl_progressive,h_200,w_200/f_auto,q_80/apolnpaogycohsurgxyf.jpg;http://www.parisbouge.com/place/397;;59
le Culture Bière;65, avenue des Champs-Elysées, 75008, Paris, France;"Etablissement fermé
Grand espace de 1 000 m2, style loft new-yorkais, dédié à la bière. Il s'étale sur 3 niveaux et comprend 1 boutique, 1 salon à bière qui fait restaurant, 1 salle lounge au sous-sol avec 1 grand bar qui peut faire office de dance floor et une galerie.";;http://www.parisbouge.com/place/399;;21
Bateau Les Flots;Quai de la Rapée, 75012, Paris, France;"Restaurant la journée, qui ouvre sa cale la nuit pour devenir un petit club dans le cadre d'événements privés. Terrasse sur le pont du bateau pour prendre l'air.
Le bateau se situe entre le pont Charles de Gaulle et le pont de Bercy.";;http://www.parisbouge.com/place/404;;55
Le Bizen;111, rue Réaumur, 75002, Paris, France;"Le Bizen est un restaurant club situé près des Grands Boulevards. Le Bizen accueille les noctambules parisiens. Le Bizen propose des soirées à thèmes et des afterworks. Ambiance lounge sur fond de tubes électro actuels sont au rendez-vous au Bizen ! Le Bizen propose des plats simples comme la souris d’agneau ou le confit de canard, histoire de se restaurer un peu avant de retourner danser sur la piste du dancefloor. 
Le Bizen vous accueille tous les jours. 
Comptez entre 50€ et 70€ pour les menus du Bizen.";http://a5.parisbouge-res.cloudinary.com/image/upload/s--mblfsy_h--/c_fill,fl_progressive,h_200,w_200/f_auto,q_80/a3nvbtkngdbfgswzv0fu.jpg;http://www.parisbouge.com/place/409;;24
le Baron;6, avenue Marceau, 75008, Paris, France;"Le Baron est la révélation 2005 : pourquoi ? Parce que le Baron est un ghetto intimiste pour bobos branchés avec une musique très accessible et d'excellents cocktails. Le tout Paris s'y trouve. Le Baron n'est pas très grand donc souvent rempli.
Ouvert du lundi au dimanche.";http://a3.parisbouge-res.cloudinary.com/image/upload/s--jeTFOHqe--/c_fill,fl_progressive,h_200,w_200/f_auto,q_80/mi48ucqo1mpfcmxikbfj.jpg;http://www.parisbouge.com/place/415;;67
Le Showcase;pont alexandre III, 75008, Paris, France;"Nouvelle D.A, nouvelle identité visuelle, nouveau site internet… 
en 2010, le Showcase révèle sa personnalité. 
Le Showcase reste une salle emblématique sur la scène parisienne. En seulement 3 ans le lieu a su s’imposer comme un club incontournable dans la nuit parisienne, tant par les artistes qui y ont joué, que par sa faune ou son espace exceptionnel. Pour 2010, que des nouveautés. 
La programmation du lieu, assurée par une toute jeune équipe de DA, se veut dorénavant le point de rencontre de toutes les communautés de la nuit. Pas de tintamarre ou de bazar incontrôlable ! Les vendredis seront plus généralistes et les samedis laisseront la place aux révélations, à un underground sexy et à la portée de tous. Le Showcase célébrera autant les artistes populaires que les nouveaux horizons musicaux. Mélanger les communautés, faire qu’elles ne soient plus qu’une dans un objectif commun… la fête évidemment.";http://a5.parisbouge-res.cloudinary.com/image/upload/s--4w7jZ18n--/c_fill,fl_progressive,h_200,w_200/f_auto,q_80/mbbbklhp3dwgwe6xpjxv.jpg;http://www.parisbouge.com/place/417;;203
Bobino;14, rue de la Gaîté, 75014, Paris, France;Scène mythique de Paris, Bobino est revenue à sa vocation première : salle de spectacle accueillant tous les arts de la scène : concerts, one man show, danse, show-case, théâtre, humour). Edith Piaf, Coluche, Barbara, Joséphine Baker, Amy Winehouse, Rickie Lee Jones ou encore Patrick Timsit, nombreux sont les artistes de talents qui ont contribué à la renommée de la salle.;http://a1.parisbouge-res.cloudinary.com/image/upload/s--CAHh6ZXQ--/c_fill,fl_progressive,h_200,w_200/f_auto,q_80/m0sju32slymzo3ph28pn.jpg;http://www.parisbouge.com/place/422;820009000;31
La Java;105 rue du Faubourg du Temple, 75010, Paris, France;;http://a1.parisbouge-res.cloudinary.com/image/upload/s--LaQwMW2g--/c_fill,fl_progressive,h_200,w_200/f_auto,q_80/lsweazr1lyeqqyi7w3vw.jpg;http://www.parisbouge.com/place/424;;30
Le Social Club;142, rue montmartre, 75002, Paris, France;"Eclectique, ouvert et curieux, le Social Club, accueille depuis plus d'un an, DJs, concerts & aftershows (électro, rock, jazz, hip-hop...).
Une seule vocation pour le Social Club : décloisonner les styles, les genres et donc les publics.
Le Social Club a élu domicile au coeur de Paris, dans un lieu marqué par l'histoire qui était autrefois occupé par les imprimeries d'où sortira le quotidien l'Aurore, dans lequel George Clémenceau publiera le célèbre « J'accuse » d'Emile Zola. Un héritage d'engagement, que l'équipe de programmation artistique du club prend très au sérieux en proposant chaque soir le meilleur, la diversité et la nouveauté.
Une volonté artistique qui ne se résume pas qu'à la musique.
Conçu par le collectif d'architectes EXYZT, le Social Club nous embarque dans un univers rétro futuriste.
L'identité visuelle ainsi que magazine sont quant à eux imaginés & réalisés par Laurent Fetis.";http://a5.parisbouge-res.cloudinary.com/image/upload/s--u1UHgh1T--/c_fill,fl_progressive,h_200,w_200/f_auto,q_80/ihmsskanuanrur03lbve.jpg;http://www.parisbouge.com/place/425;;236
Le Tigre;5, rue Molière, 75001, Paris, France;"Depuis septembre 2009, l'Alternative se fait désormais appeler le Tigre. C'est un petit club intime au cœur de Paris (quartier Louvre Opéra), petite piste et coin canapés pour s'avachir. Le Tigre est en plein dans la sempiternelle tendance parisienne des clubs de moins de 200 personnes pour plus d'intimité.
Tenue branchée et ""happy face"" obligatoire pour entrer et venir écouter les dj's qui y viennent mixer. Programmation rock, généraliste ou dj set de bands.
Le Tigre est ouvert du mercredi au dimanche.";http://a3.parisbouge-res.cloudinary.com/image/upload/s--8cSZKvPo--/c_fill,fl_progressive,h_200,w_200/f_auto,q_80/ilf07ard5k49w5icbkxv.jpg;http://www.parisbouge.com/place/426;142963327;28
Bagatelle;42, route de Sèvres, 75016, Paris, France;Restaurant sympa, en famille ou pour un dîner d'affaire, mais on a sélectionné cet endroit pour les soirées Institut Bonheur en plein air les week-ends d'été. Soirées très branchées et sélectes, qui commencent souvent par un buffet (sur réservation).;http://a3.parisbouge-res.cloudinary.com/image/upload/s--uDZTBMeZ--/c_fill,fl_progressive,h_200,w_200/f_auto,q_80/zrtwyu8d0oxorxkjvmgl.jpg;http://www.parisbouge.com/place/428;;24
Le Chacha Club;47, rue Berger, 75001, Paris, France;"Établissement polyvalent bien pratique quand on veut dîner, boire et danser. Le Chacha club est un resto bar club cosy, taillé dans un appartement avec une très belle déco. Nombreuses pièces, salons et alcôves pour se mélanger ou rester intime. Bcp de buzz sur l'endroit depuis l'été 2008, mais pour la partie club, la qualité de service au restaurant a malheureusement été délaissé, sûrement dépassé par le succès du club.
La programmation musicale reste branchée et actuelle.
Le Chacha Club est ouvert du mardi au samedi, de 20h à l'aube.
Restauration jusqu'à minuit.";http://a5.parisbouge-res.cloudinary.com/image/upload/s--ine6PQC7--/c_fill,fl_progressive,h_200,w_200/f_auto,q_80/e2va7qjcjtlhfij97aqf.jpg;http://www.parisbouge.com/place/432;140131212;57
L'Experimental Cocktail Club;37, rue Saint Sauveur, 75002, Paris, France;Nouveau dans le quartier Montorgueil dans le 2ème arrondissement de Paris, l'Experimental Cocktail Club est, comme son nom l'indique, un bar à cocktails. Si vous voulez tous les goûter, il faudra y aller souvent ! La carte change régulièrement. En plus de boire des cocktails la semaine jusqu'à 2h, on peut danser à l'Experimental Cocktail Club jusqu'à 5h, les vendredis et samedis. Un endroit parfait... pour faire la fête !;http://a5.parisbouge-res.cloudinary.com/image/upload/s--I0_pcgUB--/c_fill,fl_progressive,h_200,w_200/f_auto,q_80/rfjmjmhvt7r4htzbrw3x.jpg;http://www.parisbouge.com/place/435;145088809;30
L'Hôtel Costes;239 rue Saint-Honoré, 75001, Paris, France;"Hôtel Costes est la maison mère du royaume des Costes et se situe rue Saint-Honoré. A l’initiative de cet établissement donc, les frères Costes. Ils ont fait appel au designer et architecte Jacques Garcia pour donner un style unique à leur enseigne. Résultat : un endroit « branchouille » dans lequel se bouscule comédiens, artistes et autres personnalités des médias. Dans une atmosphère relaxante, on peut y déguster cocktails et autres boissons rafraîchissantes au bar de l’Hôtel Costes. Côté musique, des sons mixés par le fameux Stéphane Pompougnac sont passés en continu. En résumé, tout est fait pour apporter plaisir et glamour sans retenue aucune… sauf peut-être celle de la carte de crédit !
Le Bar de l'Hôtel Costes est ouvert tous les jours de 8H à 2H du matin.";;http://www.parisbouge.com/place/437;142445025;31
Le Georges;Centre Georges Pompidou, 75004, Paris, France;"Un resto Costes parmi tant d'autres, celui-ci a la particularité d'offrir une des plus belles vues de Paris avec son rooftop, et une très belle terrasse. Pour la carte, une grande variété de poissons ou de viandes, très bon. Avec tout ça, l'addition est forcément salée, alors on vous conseille de juste aller boire un verre au moins pour profiter du cadre arty et contemporain qu'offre le restaurant Le Georges du Centre Pompidou. 
Le Georges est ouvert tous les jours de 11h à 1h. Fermé le mardi, en même temps que le musée.";http://a3.parisbouge-res.cloudinary.com/image/upload/s--xSvvEgRe--/c_fill,fl_progressive,h_200,w_200/f_auto,q_80/aelbky0yuthki0py3n04.jpg;http://www.parisbouge.com/place/453;144784799;26
L'Avenue;41, avenue Montaigne, 75008, Paris, France;"Le Costes de l'avenue Montaigne, est ce qu'on appelle une brasserie moderne dans un décor chic signé comme souvent, Jacques Garcia. Si vous aimez manger au milieu des gens des médias, de la mode et du cinéma, c'est la bonne adresse. Restauration non stop. Grande terrasse, chauffée l'hiver. L'Avenue est une brasserie branchée qui attire Parisiens chics et touristes aisés... Il faut compter à partir d'environ 40 € par personne.
La brasserie L'Avenue est ouvert tous les jours de 8h à 2h, restauration non stop à partir de midi.";;http://www.parisbouge.com/place/484;140701491;27
l'Hôtel Amour;8, rue de Navarin, 75009, Paris, France;"Quelques tables dans un petit jardin en plein cœur de Paris, à deux pas de la rue des Martyres et de Pigalle pour ce restaurant branché, monté par l'équipe du Baron : Lionel & André associé aux Costes (encore?), inutile d'en dire plus, Costes plus Baron, vous imaginez très bien l'ambiance. Un QG mondain, pour manger ou boire un verre ou dormir d'ailleurs, c'est un hôtel au départ, possibilité de réserver à l'heure ou à la nuit, au passage. ;-) Chaque chambre à été décorée par un un artiste de renommée comme André, Marc Newson ou Sophie Calle
Ouvert tous les jours, de 8h à 6h du matin.
Service non stop de midi à 23h30.";http://a5.parisbouge-res.cloudinary.com/image/upload/s--0xSUQbiQ--/c_fill,fl_progressive,h_200,w_200/f_auto,q_80/u6nt5mnjyygtrcc4inz1.jpg;http://www.parisbouge.com/place/495;148783180;46
Joe Allen;30, Rue Pierre Lescot, 75001, Paris, France;"Typiquement New-Yorkais, on vient chez Joe Allen pour manger comme si on était aux USA. Burgers, salades Caesar, BBQ Ribs, baggles et surtout pour son brunch, même si le bacon cheese burger avec ses superbes frites maison, ou les quesadillas restent des valeurs sûres. Anti calories s'abstenir.
Joe Allen Paris vous accueille tous les jours de midi à 2h du matin.";http://a4.parisbouge-res.cloudinary.com/image/upload/s--DGKxCCWj--/c_fill,fl_progressive,h_200,w_200/f_auto,q_80/tzqjrb924tnkqso2kyj0.jpg;http://www.parisbouge.com/place/512;14236701;28
le China;50, rue de Charenton, 75012, Paris, France;"Le China est un restaurant esprit ""Chine des années 20"", calme et intime. La cuisine cantonaise est assez savoureuse. Mais on y viendra surtout pour boire un verre plutôt que de se ruiner au resto, car le China est un excellent bar à cocktails. Vous pouvez aussi vous affaler dans les fauteuils du fumoir, au 1er étage, ou vous rendre au piano-bar du sous-sol.
Ouvert tous les jours de 19h à 00h pour le restaurant et jusqu'à 1h pour le bar.";;http://www.parisbouge.com/place/517;143460809;24
La Plage Parisienne;port de Javel haut, 75015, Paris, France;"La Plage, façon Deauville avec ses planches, fait partie de ces endroits où l'on vient avant tout pour le cadre, un restaurant ""les pieds dans l'eau"" en plein Paris, très apprécié dès le retour des beaux jours. En plus d'être une terrasse avec une vue magnifique, c'est également un restaurant. Pour un repas d'affaire ou un tête à tête amoureux, venez profitez de la cuisine moderne et raffinée face au va et vient des bateaux mouches.
Brunch le dimanche de 12h00 à 16h00
Comptez 25 € pour déjeuner, 50 € pour dîner.
Ouvert du lundi au samedi de 20h00 à 23h00 pour le restaurant, et de 18h00 à 02h00 pour le bar
Ouvert également tous les jours sauf le samedi de 12h00 à 15h00";http://a3.parisbouge-res.cloudinary.com/image/upload/s--1ORQAspT--/c_fill,fl_progressive,h_200,w_200/f_auto,q_80/ixlmn1gkiuyuujovk3mr.jpg;http://www.parisbouge.com/place/522;140594100;23
Le Fumoir;6 rue de l'Amiral Coligny, 75001, Paris, France;"Royalement implanté aux abords du Louvre, Le Fumoir est un endroit authentique avec ses allures de boudoir, une déco feutrée, de hauts plafonds et un bar implanté directement de la Nouvelle-Orléans. On y va typiquement le dimanche après-midi et plus particulièrement l'hiver, histoire de refaire le monde entre amis ! Ou l'été pour se prendre pleine face les doux rayons du soleil, en fin d'après-midi (pas de terrasse, juste un bout de trottoir alors il faut être vif au jeu de la chasse aux tables ! Oubliez d'y manger, il y a beaucoup mieux aux alentours... Clientèle chic et cosmopolite, pas mal étrangère aussi, pour un lieu chic et cosy.
Brunch : 21 €, menu : 50 à 60 € / personne
Ouvert tous les jours de 11h à 2h.";http://a5.parisbouge-res.cloudinary.com/image/upload/s--9v0hj9G7--/c_fill,fl_progressive,h_200,w_200/f_auto,q_80/w8dvsm8axfco8h1nzygu.jpg;http://www.parisbouge.com/place/606;142920024;22
Chez Moune;54, rue Pigalle, 75009, Paris, France;"Chez Moune est un ancien cabaret féminin de Pigalle, très populaire depuis 1936. Cet établissement a été repris en 2008 pour devenir un mini club mixte où la musique est éclectique, branchée et pointue.
Chez Moune est ouvert du mercredi au samedi de 00h00 à 06h00. L'entrée est gratuite les mercredis et jeudis et de 10 euros avec une consommation les vendredis et samedis.";http://a4.parisbouge-res.cloudinary.com/image/upload/s--Q18GcgQ0--/c_fill,fl_progressive,h_200,w_200/f_auto,q_80/fmg5e4vl1mnzbp8dn2f2.jpg;http://www.parisbouge.com/place/611;967502844;30
Le Magnifique;25, rue de Richelieu, 75001, Paris, France;"Dans un quartier qui semble souvent calme la nuit, le Magnifique a ouvert ses portes début octobre 2008 et a vite créé le buzz.
Le Magnifique est un bar, ou un mini-club conçu comme un appartement cosy et élégant. Un fumoir d’esprit Emmanuelle complète l’ensemble du club Le Magnifique.
Si vous avez une petite faim, un maître sushi est à votre service. 
Programmation musicale seventies.
Le Magnifique est ouvert du mardi au samedi de 20h à 6h";http://a1.parisbouge-res.cloudinary.com/image/upload/s--J550C6Hx--/c_fill,fl_progressive,h_200,w_200/f_auto,q_80/lgu8n0ptz5g3xsagnspw.jpg;http://www.parisbouge.com/place/612;142607080;25
Le VIP Room Theater;188 bis Rue de Rivoli, 75001, Paris, France;"Le VIP Room a déménagé ! Lieu ? l'ancienne Scala de la rue de Rivoli. A coup de gros travaux on n'y reconnaît plus que les mezzanines. Ça brille, c'est noir laqué, ça sent le champagne et le pognon, le VIP Room est de retour avec toujours à sa tête, Jean Roch. Même si la rue de Rivoli est moins prestigieuse (ça se discute) que les Champs-Elysées, Jean Roch a tout gagné avec le déménagement du VIP Room, fini les ""cailleras"" qui rodent à la sortie du club, fini les touristes...
Ouvert les jeudis, vendredis, samedis et veilles de fête.";http://a4.parisbouge-res.cloudinary.com/image/upload/s--agKHEE4o--/c_fill,fl_progressive,h_200,w_200/f_auto,q_80/itrsa8z9yxcawn9ejp7g.jpg;http://www.parisbouge.com/place/613;158364600;51
Le Neo;23, rue de Ponthieu, 75008, Paris, France;"Un des multiples club VIP de la rue de Ponthieu, certainement l'un des plus selects aussi. L'endroit n'est pas très grand, la porte est serrée et la clientèle chic et/ou branchée, tout comme la musique.
Le Neo est ouvert les jeudis, vendredis, samedis et veilles de jours fériés.
Fumoir et service voiturier.
Pas de réservation.";;http://www.parisbouge.com/place/614;142255714;23
Le Ritz Bar - Bar de l'Hôtel du Ritz;38, rue Cambon, 75001, Paris, France;"Au cœur du Ritz, le Ritz Bary, bar à cocktails, suit son temps. Il accueille une clientèle branchée venue boire un ""drink"" dans une ambiance électro. Derrière les platines, les dj's de la hype parisienne s'y relaient. Le bar dispose d'un accès vers une magnifique terrasse pour les beaux jours. Bienvenue dans le chic et le luxe avec le Ritz Bar !";;http://www.parisbouge.com/place/617;143163364;28
Le Coeur Fou;55, rue Montmartre, 75002, Paris, France;"Le Coeur Fou est un de ces petits bars à cocktails tant appréciés dans ce quartier du Sentier, à l'ambiance de ""village dans la ville"". Il se situe dans l'agréable rue piétonne, rue de Montmartre. Le Coeur Fou est un assez petit endroit, à l'univers tout blanc, parquet et petit estrade au fond du bar, un long et authentique comptoir de bar de quartier et quelques tables en devanture, pour l'été. On y retrouve une ambiance cool, jeune, bobo et branchée, un endroit sûr pour son animation et sa convivialité !
Le Coeur Fou est ouvert de 17h à 2h, tous les jours. Pinte à 5,50 €, cocktails à 8 €, softs à 4 €, planche charcuterie/fromage à 7,50 €.";;http://www.parisbouge.com/place/620;142330498;20
Le Bound;49-51 avenue Georges V, 75008, Paris, France;"Le Bound est un bar-lounge-resto qui se dit « chic et tendance ». Sa déco est originale, la preuve en est, un imposant bar rose métallisé domine la pièce principale et dans des alcôves sont encastrées des écrans plasmas diffusant des tableaux post-modernes. Cerise sur le gâteau, les pièces sont séparées par des rideaux de perles. Au Bound se réunissent les aficionados de cocktails mais aussi de plats légers, originaux et de sushis. Le tout est à savourer sous une fine pluie de décibels à tendance rock et hype. Le Bound propose également une formule brunch tous les dimanches. 
Compter entre 60 € et 86 € pour un menu le soir au Bound. 
Le Bound est ouvert tous les jours de 9h à 2h du matin et le dimanche un brunch est proposé de 11h30 à 16h.";http://a4.parisbouge-res.cloudinary.com/image/upload/s--ywaO9w4l--/c_fill,fl_progressive,h_200,w_200/f_auto,q_80/qlsgagydkmksbhzmrdpf.jpg;http://www.parisbouge.com/place/639;153678460;29
Les Disquaires;6, rue des Taillandiers, 75011, Paris, France;"Les Disquaires c'est un grand bar aux tarifs abordables (3€ le demi) et aux cocktails savoureux ! 
Une scène d'où les musiciens balancent des grooves tout droit venus de Chicago, New-York ou La Nouvelle Orléans.
Une salle en contrebas pour s’éclater sur des rythmes qui font « yeah » ! et un fumoir digne de ce nom.
Des concerts, des vinyles, et une bonne ambiance, tous les soirs du mardi au samedi.
Du mardi au samedi de 18h à 2h
Concerts à 20h00, Djs à partir de 22h
Entrée libre";http://a2.parisbouge-res.cloudinary.com/image/upload/s--v1ivJu0a--/c_fill,fl_progressive,h_200,w_200/f_auto,q_80/dh5uoxknkc0jvahsiszh.jpg;http://www.parisbouge.com/place/648;140219460;27
la Mécanique Ondulatoire;8, passage Thiéré, 75011, Paris, France;;;http://www.parisbouge.com/place/649;143551674;23
l'Orange Mécanique;72 bis, rue Jean-Pierre Timbaud, 75011, Paris, France;"Avec son nom à la Kubrick, l'Orange Mécanique est un de ces bars parfaits pour boire un verre tranquillement entre amis avant d’aller lever les bras sur les dance floors du quartier. Ses atouts : une déco digne de l'appart d'Austin Power, une musique plutôt rock, indie pop pour être plus précis, et des consos à prix d'amis, les pintes et les caïpi sont a 4 € ! 
Ouvert du lundi au samedi de 18h à 2h.";;http://www.parisbouge.com/place/651;954435502;27
l'International;5-7, rue Moret , 75011, Paris, France;"L'International est une petite salle de concert situé à deux pas de la rue Oberkampf où vous y découvrirez de nombreux nouveaux talents que ce soit du rock, du folk, de la world music, de l'électro ou bien même des Dj's. L'entrée est libre, les demis sont vraiment pas chers (3€).
Ouvert tous les jours de 18h à 02h.";http://a4.parisbouge-res.cloudinary.com/image/upload/s--bBqjLVZt--/c_fill,fl_progressive,h_200,w_200/f_auto,q_80/wdj1a87xofldxijpslip.jpg;http://www.parisbouge.com/place/652;149297645;28
Le Dada;12, avenue des Ternes, 75017, Paris, France;"Le Dada, c'est à la base, le vrai bar de quartier un peu grossier et sans prétention... mais quelle surprise quand on s'aperçoit que ce bar où l'on imagine juste le type du coin aller y boire son café au comptoir le matin, se transforme en une véritable fourmillière de costards-cravates le jeudi soir, dès 18h. Le trottoir se noircit au fur et à mesure que la foule des clients grossit, à tel point que l'avenue des Ternes en est littéralement envahie, ne pensez même pas traverser la sympathique petite rue Poncelet qui jouxte le bar ! Allez-y clairement pour l'apéro, l'été ! La bouffe est lourde, grasse et typiquement brasserie, pas grand choix en plus. Mêlez-vous dans la foule des trentenaires surexcités à l'idée de retrouver leurs cercles d'amis autour d'1,2,3 verres, et plus si affinités ! Le Dada, c'est clairement un endroit de rencontres ultra convivial, le gérant du bar a le type baroudeur, les serveurs n'hésitent pas à vous bousculer pour tenter de rejoindre et servir une table, y'a du ""chaud devant"" à tout va ! Il ne faut pas être agoraphobe, c'est blindé et ca bouscule de partout ! Mais qu'à cela ne tienne, on joue des coudes, on garde le sourire et on s'y sent si bien finalement ! Un point noir quand même : insupportable de se faire piétiner et crier dessus, pendant près de 15 mn au comptoir, juste pour tenter de récupérer son verre, ca énerve et surtout, ca décourage !
Blindé les jeudis soirs après le taff.
Le dada est ouvert de 8h jusqu'à 2h du lundi au samedi, et jusqu à 20h le dimanche.";;http://www.parisbouge.com/place/659;143806012;23
l'Hôtel Kube;1-5, passage Ruelle, 75018, Paris, France;;;http://www.parisbouge.com/place/663;142052000;23
Le Mama Shelter;109, rue de Bagnolet, 75020, Paris, France;"Mama Shelter fait partie de ces endroits conceptuels très tendance à Paris, qui se veulent des ""espaces pluriels"". il s'agit donc là d'un hôtel-restaurant-bar-cantine, créé à l'initiative de la famille Trigano (Club Med), Philippe Starck et Roland Castro pour l'architecture et le très réputé chef Alain Senderens pour la carte. Le Mama Shelter (""l'abri de maman"") est un refuge urbain qui se veut très cool, avec des murs en ardoises gribouillés à la craie, des chaises de cantine, on y mange au coude à coude avec ses voisins de tablée, autour de grands comptoirs. La clientèle est plus bobo branchée que celle du quartier... qu'à cela ne tienne ! on ne regrette pas d'y être venu pour le parmentier de confit de canard à 15 € ou bien le délicieux croque-mama. A noter aussi : vous pouvez réserver une des chambres de l'hôtel à la déco Starck, pour un tarif minimum de 80 €, un must !
Le Mama Shelter est ouvert tous les jours de 6h à 23h";http://a5.parisbouge-res.cloudinary.com/image/upload/s--PZUlWuGW--/c_fill,fl_progressive,h_200,w_200/f_auto,q_80/cjl3kk6lphjngwuumdj3.jpg;http://www.parisbouge.com/place/668;143792355;49
La Gare;19, chaussée de la Muette, 75016, Paris, France;"La Gare, c'est... une vraie gare ! Anciennement, la gare de la station ""Passy - La Muette"". 500 m2 de surface et 185 places sur la sublime terrasse. Hallucinant d'espace, hauteur de plafond, murs en brique rouge, voilà ce qui fait l'intérêt de ce lieu à la clientèle très ""16e-ouest parisienne""! La carte est inventive et les plats savoureux : carpaccio d'espadon, fraîcheur de crabe et d'avocat, pièce de boeuf ""Black Angus"", tiramisu à la cerise, panacotta d'ananas....
Menu : 22 € le midi - 33 € le soir
A La carte : comptez 50 € par personne
Brunch (buffet XXL) tous les dimanches : 35 €
La Gare est ouvert de 12h à 2h 7 jours sur 7";http://a2.parisbouge-res.cloudinary.com/image/upload/s--A_Egqxwu--/c_fill,fl_progressive,h_200,w_200/f_auto,q_80/zix4arlwhml2iykazzfv.jpg;http://www.parisbouge.com/place/672;142151531;29
le Tsé;78, Rue d'Auteuil, 75016, Paris, France;"Comme pour l'Impala Lounge ou le Latina Café, le groupe Bertrand a conçu le Tsé avec une thématique dite ""ethnique"", bien que le lieu soit installé dans l'ancienne gare d'Auteuil. Cela lui donne une atmosphère à la fois décalée et ultra classique, Le Tsé reste un must de ces endroits ""lounge/branchés"" où il faut être vu. Déco aux inspiratons orientales (lit tibétain, paravent chinois), Le Tsé se veut pourtant sobre et raffinée et propose beaucoup de plats à saveurs exotiques (gambas à l'ananas et mousseline d'avocat, pour les desserts : mi-cuit au chocolat relevé d'une pointe de jasmin ou glace au thé vert saupoudrée de biscuit, façon crumble,). La carte de cocktails est riche aussi et ces derniers sont toujours présentés avec des fleurs exotiques au rebord du verre. Conseil : goûtez le ""Soleil Levant"" ! Le Tsé se définit comme l'un de ses endroits soi-disant sélect et mélange curieusement plusieurs ambiances : il faut y aller pour dîner en amoureux, plusieurs salles en demi-étage sont à votre disposition, pour y boire un verre entre amis le soir. Malgré sa situation dans ce quartier huppé du 16e arrondissement, on y trouve une ambiance somme toute, relativemnt conviviale. Il faut aussi y bruncher l'été et profiter de sa splendide terrasse très bien exposée. Les serveurs respectent le dress code : costume + cravates noirs et chemise blanche, customised by Kenzo, svp ! mais ils savent garder le sourire et malgré toute la ""snob attitude"" qui se dégage de cet endroit, quand on y pose un pied, on y est très chaleureusement accueillis.
Comptez environ 50€/personne avec le vin pour la restauration. Brunch 20€
Le Tsé est ouvert tous les jours de 10h00 à 04h00";http://a1.parisbouge-res.cloudinary.com/image/upload/s--vULPQWWV--/c_fill,fl_progressive,h_200,w_200/f_auto,q_80/rcozqcebgk3kdoc6mu4s.jpg;http://www.parisbouge.com/place/676;140711190;32
Angelina;226, rue de Rivoli, 75001, Paris, France;"Angelina est l'un des salons de thé les plus réputés de Paris, une décoration à l'ancienne digne du quartier. Comme tout endroit, il faudra éviter les heures de pointe. On vous conseillera l'Africain, ce magnifique chocolat chaud, très épais. Quelques pâtisseries valent également le détour dont le Mont Blanc, mais on a souvent été déçu par les viennoiseries, la rançon du succès surement, dommage car au prix que ça coûte ...
Ouvert tous les jours de 8h à 19h, et à partir de 9h le week-end.";http://a1.parisbouge-res.cloudinary.com/image/upload/s--TYRR67Om--/c_fill,fl_progressive,h_200,w_200/f_auto,q_80/ipyspbhr335wuzl1hqzy.jpg;http://www.parisbouge.com/place/678;142608200;20
Le Panic Room;101 rue Amelot, 75011, Paris, France;"La Panic Room a changé de main et laisse place au nouveau Panic Room. Le Panic Room est un bar situé dans le 11ème arrondissement de Paris qui est dédié à toute la faune nocturne, amateurs de bon cocktails et de bières fraiches, mais surtout de musiques électroniques et agitées ! Pour les noctambules qui ont envie de faire la fête : direction le Panic Room. 
Le Panic Room est ouvert du lundi au samedi de 18H30 à 1H45";;http://www.parisbouge.com/place/682;158309343;36
Rosa Bonheur;parc des Buttes Chaumont, 75019, Paris, France;"Au parc des Buttes-Chaumont dans le 19ème arrondissement de Paris, le pavillon Weber devient Rosa Bonheur et vous reçoit dans la joie et la bonne humeur à partir du Printemps 2009.
Comment venir au restaurant- bar Le Rosa Bonheur ? 
Jusqu'à 22h, l'entrée est libre par toutes les entrées du parc.
Après 22h, présentez-vous aux grandes grilles à côté de la station de métro Botzaris et dîtes ""Rosa Bonheur"" au portier.";http://a4.parisbouge-res.cloudinary.com/image/upload/s--X1TgK--T--/c_fill,fl_progressive,h_200,w_200/f_auto,q_80/r46fbl9yoikxg0ogudya.jpg;http://www.parisbouge.com/place/685;142000045;37
Le Scopitone;5, avenue de l'Opéra, 75001, Paris, France;"NDLR : Depuis septembre 2011 le Scopitone s'appelle le Scop Club, se référer a la fiche du Scop Club pour plus d'information.
Le Scopitone est le nouveau lieu de concerts et de Dj set.
Comme ils aiment à le dire là bas ""on y mange, on y écoute et on y voit"".
Ouvert de 19h à 05h, cette salle accueille de nombreux concerts rocks, électro-rock ou folk et peut aussi bien vous faire découvrir de nouveaux groupes comme programmer des lives bien connus.
Et du jeudi au samedi, le Scopitone ferme à 5h donc... beaux plateaux de Djs, fêtes de labels, ou anniversaires de magazines, ils ne lésinent pas sur le programme ! 
La décoration noire vous met tout de suite dans une ambiance rock et leur emblème, Beethoven, garde toujours un oeil sur vous.
Le Scopitone est ouvert du lundi au mardi de 19h à 2h et du mercredi au samedi de 19h à 5h.";http://a1.parisbouge-res.cloudinary.com/image/upload/s--vvKRdPqv--/c_fill,fl_progressive,h_200,w_200/f_auto,q_80/tkmuwjjxlh23wchohen1.jpg;http://www.parisbouge.com/place/701;142606445;21
Le Germain;25-27 rue de Buci, 75006, Paris, France;"Dernier né de la famille Costes, le Germain est un lieu au décor plus que coloré, atypique et plutôt dominant (Enorme statue partant du rez de chaussée pour finir au premier étage). Lieu dit trendy, clientèle variée mais tout de même hype, ce restaurant n'innove pas dans la cuisine Costes, mais au moins, c'est une valeur sûre qui coûte 30 euros par personne en moyenne.
Ouvert du lundi au dimanche de 12h à 15h et de 19h à 23h30";;http://www.parisbouge.com/place/704;143260293;20
Le 4 Elements;149, rue Amelot, 75011, Paris, France;"Situé dans le 11ème arrondissement, le bar-club Le Quatre Éléments dispose d'un espace de 160 mètres carrés, distribué en quatre ambiances différentes : un espace ""feu"" dédié à la musique urbaine et aux DJ électro ; un ""terre"", avec banquettes et fresque murale aux allures végétales ; un salon fumeur dans l'espace ""air"" qui est sonorisée ; et enfin, l'espace ""eau"" qui correspond aux sanitaires.
Surprenant et original, le bar-club Le Quatre Éléments est ouvert le mercredi de 18h à 2h, le jeudi de 18h à 4h et les vendredis et samedis de 22h à 4h. Happy hour quotidien de 18h à 21h.";http://a3.parisbouge-res.cloudinary.com/image/upload/s--pFUUh3U6--/c_fill,fl_progressive,h_200,w_200/f_auto,q_80/lirkhimp90znspvtw6c0.jpg;http://www.parisbouge.com/place/706;147003411;28
L'Arc;12 rue de Presbourg, 75008, Paris, France;"Réouvert depuis octobre 2010, ce restaurant-club-bar a fait peau neuve et offre un décor très contemporain mélangeant moderne en bas (le club) ancien en haut (le restaurant) et retro revisité pour le bar.
La clientèle est toujours jeune et chic, la musique y est éclectique et la véranda en verre est toujours là.
Côté restaurant, la carte reprend des classiques revisités version haut de gamme puisque le chef est un ancien de l'Atelier Robuchon.
Comptez 50e par personne en moyenne.
Le bar vaut aussi le coup d'oeil, en albâtre couleur bronze, avec des sièges ""egg"", le tout dans une ambiance cosy chic. Et la carte des cocktails n'a rien à envier aux autres lieux du quartier.
Le restaurant est ouvert tous les jours de la semaine sauf le samedi midi et le dimanche midi
Le club est ouvert les vendredis et samedis soirs à partir de minuit.";http://a1.parisbouge-res.cloudinary.com/image/upload/s--wDBBM-L4--/c_fill,fl_progressive,h_200,w_200/f_auto,q_80/fe0uoqm2dpb9d9fhp1mr.jpg;http://www.parisbouge.com/place/708;145007870;41
Le Prescription Cocktail Club;23 rue Mazarine, 75006, Paris, France;"Prescription Cocktail Club est un bar situé dans la rue mazarine, connue pour son abondante en petits spots où il fait bon boire des verres.
Sauf que le Prescription Cocktail Club est connu pour ses cocktails évolués et distingués. 
Ouvert par les trois patrons du Curio Parlor et de l'Experimental Cocktail Club, ce bar suit à la perfection l'ambiance des deux premiers. Chic mais décontracté.";http://a2.parisbouge-res.cloudinary.com/image/upload/s--_yDAQ7PF--/c_fill,fl_progressive,h_200,w_200/f_auto,q_80/wixkybm181kslp0nto7z.jpg;http://www.parisbouge.com/place/725;146346773;21
La Machine du Moulin Rouge;90, boulevard de Clichy, 75018, Paris, France;"La Loco devient la Machine du Moulin Rouge.
Repris en main par Stéphane Vatinel, ce lieu emblématique du 18ème arrondissement se veut toujours aussi éclectique et continue à programmer aussi bien des soirées electro que hip hop. Toujours aussi grand, le lieu propose une véritable salle de concert conventionnée de 750 places, au sous-sol, ""La chaufferie"" (400 places) et à l'étage, un bar américain pouvant accueillir 250 personnes.";http://a1.parisbouge-res.cloudinary.com/image/upload/s--BzfyHHTS--/c_fill,fl_progressive,h_200,w_200/f_auto,q_80/fqennbarj4rnokvd0r1e.jpg;http://www.parisbouge.com/place/822;;39
Le 1979;49 rue Berger, 75001, Paris, France;"En plein centre de Paris, le 1979 est un lieu à la décoration atypique, inspirée du cinéma, et propose une multitudes de soirées éclectiques. De la Release Party à la soirée Dj, la programmation ne cesse de faire parler de cet endroit.
Le restaurant bar 1979 est ouvert du lundi au jeudi et le dimanche jusqu'à 02h00 et le week-end jusqu'à 06h00.";http://a4.parisbouge-res.cloudinary.com/image/upload/s--57DT8oPX--/c_fill,fl_progressive,h_200,w_200/f_auto,q_80/algvywpydgsusxtzzomp.jpg;http://www.parisbouge.com/place/858;;35
Le Grand Palais;3 avenue du Général Eisenhower, 75008, Paris, France;Le Grand Palais est un célèbre monument parisien situé en bordure des Champs-Elysées, face au Petit Palais dans le 8ème arrondissement de Paris. Ses 77 000 m2 abritent régulièrement salons et expositions prestigieuses. Le Grand Palais a été édifié à partir de 1897, pour l’exposition universelle prévue du 15 avril au 12 novembre 1900. Enfin, la nef du Grand Palais a été classée au titre des Monuments Historiques en 1975.;http://a3.parisbouge-res.cloudinary.com/image/upload/s--nLwPNcVS--/c_fill,fl_progressive,h_200,w_200/f_auto,q_80/ue1fnetoeokfp3h2pduh.jpg;http://www.parisbouge.com/place/989;144131730;25
Le Wanderlust;32 quai d’Austerlitz, 75013, Paris, France;"Le Wanderlust est une des nouveautés de l'été 2012. Un petit café/resto et une immense terrasse face à la Seine, au sein du nouveau complexe de la Cité de la Mode et du Design. Le Wanderlust est dirigé pas l'équipe de Savoir Faire (Social Club, Silencio ...) donc forcément, de nombreux DJ's animent des fêtes en plein air sur cette belle et grande terrasse. Chaises longues et transats sont aussi là pour un bain de soleil si vous venez avant le début des fêtes.
Ps : il paraît qu'on peut manger au Wanderlust.
Le restaurant du Wanderlust est ouvert de 20h à 5h du Jeudi au Samedi. Le club est ouvert du jeudi au samedi de 22h à 6h.
Edit : Horaires pour l'hiver 2013 :
Jeudi (Hip Hop, Soul) de 20h à 06h, entrée gratuite avant 23h puis 10 €.
Vendredi (Deep House) de 20h à 06h, entrée gratuite avant minuit puis 10 €.
Samedi (Nouveau Disco) de 20h à 06h, entrée gratuite avant minuit puis 10 €";http://a4.parisbouge-res.cloudinary.com/image/upload/s--wdH86Fbh--/c_fill,fl_progressive,h_200,w_200/f_auto,q_80/x2pcjdywgxlbor09pfch.jpg;http://www.parisbouge.com/place/1368;;45
Le Nüba;36 quai d'Austerlitz, 75013, Paris, France;"Le Nüba ouvre son jardin festif sur le toit de la Cité de la Mode quand il ne pleut pas ! Entre le club branché, le bar et le restaurant à burgers, le Nüba fera le bonheur de tout le monde. 
Le Nüba vous ouvre ses portes du mardi au jeudi de 12h à 15h, du vendredi au samedi de 12h à 02h et le dimanche de 13h à 21h.
Nouveaux horaires dès le 15 mai 2013 avec l'ouverture du club. Du lundi au vendredi de 18h à 06h, le samedi de midi à 06h, et le dimanche de midi à 02h.";http://a1.parisbouge-res.cloudinary.com/image/upload/s--GjI2C79_--/c_fill,fl_progressive,h_200,w_200/f_auto,q_80/ehzdv6ot4ciowfbguok9.jpg;http://www.parisbouge.com/place/1581;;24